visit,date,treatment,treatment_num,rep_ID,clone,stem,P_height_mm,R_eggs,alive1_dead0
3,6/3/2018,CO,0,1,1,1,478,0,1
3,6/3/2018,CO,0,1,1,2,437,0,1
3,6/3/2018,CO,0,2,2,1,441,0,1
3,6/3/2018,CO,0,3,3,1,518,0,1
3,6/3/2018,CO,0,3,3,2,521,0,1
3,6/3/2018,CO,0,4,4,1,418,0,1
3,6/3/2018,CO,0,5,5,1,564,0,1
3,6/3/2018,CO,0,6,6,1,482,0,1
3,6/3/2018,CO,0,6,6,2,611,0,1
3,6/3/2018,CO,0,7,7,1,570,0,1
3,6/3/2018,CO,0,8,8,1,166,0,1
3,6/3/2018,CO,0,8,8,2,646,0,1
3,6/3/2018,CO,0,8,8,3,615,0,1
3,6/3/2018,CO,0,8,8,4,613,0,1
3,6/3/2018,CO,0,9,9,1,620,0,1
3,6/3/2018,CO,0,9,9,2,489,0,1
3,6/3/2018,CO,0,10,10,1,388,0,1
3,6/3/2018,CO,0,10,10,2,326,0,1
3,6/3/2018,CO,0,11,11,1,330,0,1
3,6/3/2018,CO,0,11,11,2,NA,NA,0
3,6/3/2018,CO,0,11,11,3,587,0,1
3,6/3/2018,CO,0,11,11,4,561,0,1
3,6/3/2018,CO,0,11,11,5,492,0,1
3,6/3/2018,CO,0,12,12,1,655,0,1
3,6/3/2018,CO,0,12,12,2,461,0,1
3,6/3/2018,CO,0,12,12,3,519,0,1
3,6/3/2018,CO,0,13,13,1,NA,NA,NA
3,6/3/2018,CO,0,13,13,2,645,0,1
3,6/3/2018,CO,0,13,13,3,612,0,1
3,6/3/2018,CO,0,13,13,4,640,0,1
3,6/3/2018,CO,0,13,13,5,620,0,1
3,6/3/2018,CO,0,14,14,1,648,0,1
3,6/3/2018,CO,0,15,15,1,606,0,1
3,6/3/2018,CO,0,15,15,2,581,0,1
3,6/3/2018,CO,0,16,16,1,691,0,1
3,6/3/2018,CO,0,16,16,2,537,0,1
3,6/3/2018,CO,0,17,17,1,643,0,1
3,6/3/2018,CO,0,17,17,2,652,0,1
3,6/3/2018,CO,0,17,17,3,685,0,1
3,6/3/2018,CO,0,18,18,1,580,0,1
3,6/3/2018,CO,0,18,18,2,535,0,1
3,6/3/2018,CO,0,18,18,3,656,0,1
3,6/3/2018,CO,0,19,19,1,472,0,1
3,6/3/2018,CO,0,19,19,2,536,0,1
3,6/3/2018,CO,0,20,20,1,408,2,1
3,6/3/2018,CO,0,20,20,2,209,0,1
3,6/3/2018,FL,1,41,1,1,508,0,1
3,6/3/2018,FL,1,41,1,2,673,0,1
3,6/3/2018,FL,1,42,2,1,580,0,1
3,6/3/2018,FL,1,42,2,2,555,0,1
3,6/3/2018,FL,1,42,2,3,518,1,1
3,6/3/2018,FL,1,42,2,4,602,0,1
3,6/3/2018,FL,1,42,2,5,673,0,1
3,6/3/2018,FL,1,43,3,1,508,0,1
3,6/3/2018,FL,1,44,4,1,438,0,1
3,6/3/2018,FL,1,44,4,2,486,0,1
3,6/3/2018,FL,1,44,4,3,498,0,1
3,6/3/2018,FL,1,44,4,4,208,0,1
3,6/3/2018,FL,1,44,4,5,470,0,1
3,6/3/2018,FL,1,45,5,1,512,0,1
3,6/3/2018,FL,1,45,5,2,509,0,1
3,6/3/2018,FL,1,46,6,1,396,0,1
3,6/3/2018,FL,1,47,7,1,287,0,1
3,6/3/2018,FL,1,48,8,1,533,0,1
3,6/3/2018,FL,1,49,9,1,517,0,1
3,6/3/2018,FL,1,49,9,2,679,0,1
3,6/3/2018,FL,1,49,9,3,NA,NA,0
3,6/3/2018,FL,1,50,10,1,521,0,1
3,6/3/2018,FL,1,50,10,2,363,0,1
3,6/3/2018,FL,1,50,10,3,500,0,1
3,6/3/2018,FL,1,50,10,4,493,0,1
3,6/3/2018,FL,1,50,10,5,493,0,1
3,6/3/2018,FL,1,51,11,1,457,0,1
3,6/3/2018,FL,1,51,11,2,508,0,1
3,6/3/2018,FL,1,51,11,3,494,0,1
3,6/3/2018,FL,1,51,11,4,555,0,1
3,6/3/2018,FL,1,51,11,5,493,0,1
3,6/3/2018,FL,1,52,12,1,350,0,1
3,6/3/2018,FL,1,52,12,2,597,0,1
3,6/3/2018,FL,1,52,12,3,597,0,1
3,6/3/2018,FL,1,53,13,1,467,0,1
3,6/3/2018,FL,1,53,13,2,601,0,1
3,6/3/2018,FL,1,53,13,3,683,0,1
3,6/3/2018,FL,1,53,13,4,100,0,1
3,6/3/2018,FL,1,54,14,1,532,0,1
3,6/3/2018,FL,1,54,14,2,553,0,1
3,6/3/2018,FL,1,55,15,1,539,0,1
3,6/3/2018,FL,1,55,15,2,531,0,1
3,6/3/2018,FL,1,56,16,1,603,0,1
3,6/3/2018,FL,1,56,16,2,170,0,1
3,6/3/2018,FL,1,56,16,3,666,0,1
3,6/3/2018,FL,1,56,16,4,319,0,1
3,6/3/2018,FL,1,57,17,1,627,0,1
3,6/3/2018,FL,1,57,17,2,636,0,1
3,6/3/2018,FL,1,57,17,3,630,0,1
3,6/3/2018,FL,1,57,17,4,647,0,1
3,6/3/2018,FL,1,58,18,1,654,0,1
3,6/3/2018,FL,1,58,18,2,597,0,1
3,6/3/2018,FL,1,58,18,3,438,0,1
3,6/3/2018,FL,1,58,18,4,457,0,1
3,6/3/2018,FL,1,59,19,1,620,1,1
3,6/3/2018,FL,1,60,20,1,81,0,1
3,6/3/2018,FL,1,60,20,2,531,0,1
3,6/3/2018,EX,2,21,1,1,280,0,1
3,6/3/2018,EX,2,21,1,2,185,0,1
3,6/3/2018,EX,2,22,2,1,112,0,1
3,6/3/2018,EX,2,22,2,2,529,0,1
3,6/3/2018,EX,2,23,3,1,265,0,1
3,6/3/2018,EX,2,24,4,1,372,0,1
3,6/3/2018,EX,2,25,5,1,246,0,1
3,6/3/2018,EX,2,25,5,2,180,0,1
3,6/3/2018,EX,2,26,6,1,220,0,1
3,6/3/2018,EX,2,26,6,2,188,0,1
3,6/3/2018,EX,2,27,7,1,169,0,1
3,6/3/2018,EX,2,28,8,1,185,0,1
3,6/3/2018,EX,2,28,8,2,198,0,1
3,6/3/2018,EX,2,28,8,3,260,0,1
3,6/3/2018,EX,2,29,9,1,NA,NA,0
3,6/3/2018,EX,2,29,9,2,645,0,1
3,6/3/2018,EX,2,29,9,3,NA,NA,0
3,6/3/2018,EX,2,29,9,4,81,0,1
3,6/3/2018,EX,2,30,10,1,NA,NA,0
3,6/3/2018,EX,2,30,10,2,348,0,1
3,6/3/2018,EX,2,30,10,3,331,0,1
3,6/3/2018,EX,2,30,10,4,NA,NA,0
3,6/3/2018,EX,2,30,10,5,298,0,1
3,6/3/2018,EX,2,31,11,1,95,0,1
3,6/3/2018,EX,2,31,11,2,NA,NA,0
3,6/3/2018,EX,2,32,12,1,80,0,1
3,6/3/2018,EX,2,32,12,2,NA,NA,0
3,6/3/2018,EX,2,32,12,3,262,0,1
3,6/3/2018,EX,2,32,12,4,463,0,1
3,6/3/2018,EX,2,33,13,1,247,0,1
3,6/3/2018,EX,2,33,13,2,242,0,1
3,6/3/2018,EX,2,34,14,1,298,0,1
3,6/3/2018,EX,2,35,15,1,502,0,1
3,6/3/2018,EX,2,35,15,2,400,0,1
3,6/3/2018,EX,2,36,16,1,209,0,1
3,6/3/2018,EX,2,37,17,1,371,0,1
3,6/3/2018,EX,2,37,17,2,187,0,1
3,6/3/2018,EX,2,38,18,1,NA,NA,0
3,6/3/2018,EX,2,39,19,1,279,0,1
3,6/3/2018,EX,2,39,19,2,373,0,1
3,6/3/2018,EX,2,39,19,3,108,0,1
3,6/3/2018,EX,2,40,20,1,142,0,1
4,6/6/2018,CO,0,1,1,1,514,0,1
4,6/6/2018,CO,0,1,1,2,458,0,1
4,6/6/2018,CO,0,2,2,1,462,0,1
4,6/6/2018,CO,0,3,3,1,550,0,1
4,6/6/2018,CO,0,3,3,2,553,0,1
4,6/6/2018,CO,0,4,4,1,452,0,1
4,6/6/2018,CO,0,5,5,1,589,0,1
4,6/6/2018,CO,0,6,6,1,522,0,1
4,6/6/2018,CO,0,6,6,2,630,0,1
4,6/6/2018,CO,0,7,7,1,597,0,1
4,6/6/2018,CO,0,8,8,1,151,0,1
4,6/6/2018,CO,0,8,8,2,671,0,1
4,6/6/2018,CO,0,8,8,3,645,0,1
4,6/6/2018,CO,0,8,8,4,636,0,1
4,6/6/2018,CO,0,9,9,1,661,0,1
4,6/6/2018,CO,0,9,9,2,522,0,1
4,6/6/2018,CO,0,10,10,1,400,0,1
4,6/6/2018,CO,0,10,10,2,350,0,1
4,6/6/2018,CO,0,11,11,1,360,0,1
4,6/6/2018,CO,0,11,11,2,NA,NA,0
4,6/6/2018,CO,0,11,11,3,641,0,1
4,6/6/2018,CO,0,11,11,4,595,0,1
4,6/6/2018,CO,0,11,11,5,514,0,1
4,6/6/2018,CO,0,12,12,1,691,1,1
4,6/6/2018,CO,0,12,12,2,500,0,1
4,6/6/2018,CO,0,12,12,3,554,0,1
4,6/6/2018,CO,0,13,13,1,NA,NA,NA
4,6/6/2018,CO,0,13,13,2,658,0,1
4,6/6/2018,CO,0,13,13,3,634,0,1
4,6/6/2018,CO,0,13,13,4,660,0,1
4,6/6/2018,CO,0,13,13,5,643,0,1
4,6/6/2018,CO,0,14,14,1,660,0,1
4,6/6/2018,CO,0,15,15,1,642,0,1
4,6/6/2018,CO,0,15,15,2,614,0,1
4,6/6/2018,CO,0,16,16,1,700,0,1
4,6/6/2018,CO,0,16,16,2,553,1,1
4,6/6/2018,CO,0,17,17,1,667,0,1
4,6/6/2018,CO,0,17,17,2,682,1,1
4,6/6/2018,CO,0,17,17,3,705,0,1
4,6/6/2018,CO,0,18,18,1,606,0,1
4,6/6/2018,CO,0,18,18,2,540,0,1
4,6/6/2018,CO,0,18,18,3,705,0,1
4,6/6/2018,CO,0,19,19,1,485,0,1
4,6/6/2018,CO,0,19,19,2,571,1,1
4,6/6/2018,CO,0,20,20,1,430,0,1
4,6/6/2018,CO,0,20,20,2,267,0,1
4,6/6/2018,FL,1,41,1,1,527,0,1
4,6/6/2018,FL,1,41,1,2,686,0,1
4,6/6/2018,FL,1,42,2,1,614,0,1
4,6/6/2018,FL,1,42,2,2,581,0,1
4,6/6/2018,FL,1,42,2,3,552,0,1
4,6/6/2018,FL,1,42,2,4,622,0,1
4,6/6/2018,FL,1,42,2,5,690,0,1
4,6/6/2018,FL,1,43,3,1,545,0,1
4,6/6/2018,FL,1,44,4,1,462,0,1
4,6/6/2018,FL,1,44,4,2,520,0,1
4,6/6/2018,FL,1,44,4,3,515,0,1
4,6/6/2018,FL,1,44,4,4,229,0,1
4,6/6/2018,FL,1,44,4,5,474,0,1
4,6/6/2018,FL,1,45,5,1,550,0,1
4,6/6/2018,FL,1,45,5,2,540,0,1
4,6/6/2018,FL,1,46,6,1,441,1,1
4,6/6/2018,FL,1,47,7,1,376,0,1
4,6/6/2018,FL,1,48,8,1,578,0,1
4,6/6/2018,FL,1,49,9,1,526,0,1
4,6/6/2018,FL,1,49,9,2,690,1,1
4,6/6/2018,FL,1,49,9,3,NA,NA,0
4,6/6/2018,FL,1,50,10,1,534,0,1
4,6/6/2018,FL,1,50,10,2,374,0,1
4,6/6/2018,FL,1,50,10,3,539,0,1
4,6/6/2018,FL,1,50,10,4,544,0,1
4,6/6/2018,FL,1,50,10,5,533,0,1
4,6/6/2018,FL,1,51,11,1,481,1,1
4,6/6/2018,FL,1,51,11,2,540,1,1
4,6/6/2018,FL,1,51,11,3,538,1,1
4,6/6/2018,FL,1,51,11,4,596,0,1
4,6/6/2018,FL,1,51,11,5,512,0,1
4,6/6/2018,FL,1,52,12,1,359,0,1
4,6/6/2018,FL,1,52,12,2,646,0,1
4,6/6/2018,FL,1,52,12,3,627,0,1
4,6/6/2018,FL,1,53,13,1,620,0,1
4,6/6/2018,FL,1,53,13,2,480,0,1
4,6/6/2018,FL,1,53,13,3,710,0,1
4,6/6/2018,FL,1,53,13,4,90,0,1
4,6/6/2018,FL,1,54,14,1,538,0,1
4,6/6/2018,FL,1,54,14,2,571,0,1
4,6/6/2018,FL,1,55,15,1,560,0,1
4,6/6/2018,FL,1,55,15,2,557,0,1
4,6/6/2018,FL,1,56,16,1,615,0,1
4,6/6/2018,FL,1,56,16,2,NA,NA,0
4,6/6/2018,FL,1,56,16,3,697,0,1
4,6/6/2018,FL,1,56,16,4,322,0,1
4,6/6/2018,FL,1,57,17,1,645,0,1
4,6/6/2018,FL,1,57,17,2,662,0,1
4,6/6/2018,FL,1,57,17,3,655,0,1
4,6/6/2018,FL,1,57,17,4,671,0,1
4,6/6/2018,FL,1,58,18,1,676,0,1
4,6/6/2018,FL,1,58,18,2,623,0,1
4,6/6/2018,FL,1,58,18,3,456,0,1
4,6/6/2018,FL,1,58,18,4,462,0,1
4,6/6/2018,FL,1,59,19,1,650,0,1
4,6/6/2018,FL,1,60,20,1,78,0,1
4,6/6/2018,FL,1,60,20,2,552,0,1
4,6/6/2018,EX,2,21,1,1,276,0,1
4,6/6/2018,EX,2,21,1,2,225,0,1
4,6/6/2018,EX,2,22,2,1,221,0,1
4,6/6/2018,EX,2,22,2,2,570,0,1
4,6/6/2018,EX,2,23,3,1,266,0,1
4,6/6/2018,EX,2,24,4,1,396,0,1
4,6/6/2018,EX,2,25,5,1,239,0,1
4,6/6/2018,EX,2,25,5,2,177,0,1
4,6/6/2018,EX,2,26,6,1,214,0,1
4,6/6/2018,EX,2,26,6,2,185,0,1
4,6/6/2018,EX,2,27,7,1,68,0,1
4,6/6/2018,EX,2,28,8,1,95,0,1
4,6/6/2018,EX,2,28,8,2,95,0,1
4,6/6/2018,EX,2,28,8,3,267,0,1
4,6/6/2018,EX,2,29,9,1,NA,NA,0
4,6/6/2018,EX,2,29,9,2,709,0,1
4,6/6/2018,EX,2,29,9,3,NA,NA,0
4,6/6/2018,EX,2,29,9,4,NA,NA,0
4,6/6/2018,EX,2,30,10,1,NA,NA,0
4,6/6/2018,EX,2,30,10,2,402,0,1
4,6/6/2018,EX,2,30,10,3,426,0,1
4,6/6/2018,EX,2,30,10,4,NA,NA,0
4,6/6/2018,EX,2,30,10,5,320,0,1
4,6/6/2018,EX,2,31,11,1,96,0,1
4,6/6/2018,EX,2,31,11,2,NA,NA,0
4,6/6/2018,EX,2,32,12,1,90,0,1
4,6/6/2018,EX,2,32,12,2,NA,NA,0
4,6/6/2018,EX,2,32,12,3,127,0,1
4,6/6/2018,EX,2,32,12,4,478,0,1
4,6/6/2018,EX,2,33,13,1,334,0,1
4,6/6/2018,EX,2,33,13,2,370,0,1
4,6/6/2018,EX,2,34,14,1,310,0,1
4,6/6/2018,EX,2,35,15,1,NA,NA,0
4,6/6/2018,EX,2,35,15,2,443,0,1
4,6/6/2018,EX,2,36,16,1,205,0,1
4,6/6/2018,EX,2,37,17,1,415,0,1
4,6/6/2018,EX,2,37,17,2,95,0,1
4,6/6/2018,EX,2,38,18,1,NA,NA,0
4,6/6/2018,EX,2,39,19,1,403,0,1
4,6/6/2018,EX,2,39,19,2,404,0,1
4,6/6/2018,EX,2,39,19,3,108,0,1
4,6/6/2018,EX,2,40,20,1,146,0,1
5,6/10/2018,CO,0,1,1,1,539,0,1
5,6/10/2018,CO,0,1,1,2,510,0,1
5,6/10/2018,CO,0,2,2,1,454,0,1
5,6/10/2018,CO,0,3,3,1,561,0,1
5,6/10/2018,CO,0,3,3,2,573,1,1
5,6/10/2018,CO,0,4,4,1,483,0,1
5,6/10/2018,CO,0,5,5,1,611,0,1
5,6/10/2018,CO,0,6,6,1,536,0,1
5,6/10/2018,CO,0,6,6,2,661,0,1
5,6/10/2018,CO,0,7,7,1,648,0,1
5,6/10/2018,CO,0,8,8,1,NA,NA,NA
5,6/10/2018,CO,0,8,8,2,718,0,1
5,6/10/2018,CO,0,8,8,3,673,0,1
5,6/10/2018,CO,0,8,8,4,646,0,1
5,6/10/2018,CO,0,9,9,1,698,0,1
5,6/10/2018,CO,0,9,9,2,511,0,1
5,6/10/2018,CO,0,10,10,1,423,0,1
5,6/10/2018,CO,0,10,10,2,361,0,1
5,6/10/2018,CO,0,11,11,1,483,0,1
5,6/10/2018,CO,0,11,11,2,NA,NA,0
5,6/10/2018,CO,0,11,11,3,692,0,1
5,6/10/2018,CO,0,11,11,4,640,0,1
5,6/10/2018,CO,0,11,11,5,551,0,1
5,6/10/2018,CO,0,12,12,1,753,0,1
5,6/10/2018,CO,0,12,12,2,530,0,1
5,6/10/2018,CO,0,12,12,3,580,0,1
5,6/10/2018,CO,0,13,13,1,NA,NA,NA
5,6/10/2018,CO,0,13,13,2,674,0,1
5,6/10/2018,CO,0,13,13,3,666,0,1
5,6/10/2018,CO,0,13,13,4,679,0,1
5,6/10/2018,CO,0,13,13,5,675,0,1
5,6/10/2018,CO,0,14,14,1,683,0,1
5,6/10/2018,CO,0,15,15,1,695,0,1
5,6/10/2018,CO,0,15,15,2,644,1,1
5,6/10/2018,CO,0,16,16,1,743,0,1
5,6/10/2018,CO,0,16,16,2,554,0,1
5,6/10/2018,CO,0,17,17,1,713,0,1
5,6/10/2018,CO,0,17,17,2,721,0,1
5,6/10/2018,CO,0,17,17,3,720,0,1
5,6/10/2018,CO,0,18,18,1,630,0,1
5,6/10/2018,CO,0,18,18,2,565,0,1
5,6/10/2018,CO,0,18,18,3,760,0,1
5,6/10/2018,CO,0,19,19,1,510,0,1
5,6/10/2018,CO,0,19,19,2,590,1,1
5,6/10/2018,CO,0,20,20,1,467,0,1
5,6/10/2018,CO,0,20,20,2,330,0,1
5,6/10/2018,FL,1,41,1,1,562,0,1
5,6/10/2018,FL,1,41,1,2,779,0,1
5,6/10/2018,FL,1,42,2,1,681,0,1
5,6/10/2018,FL,1,42,2,2,626,0,1
5,6/10/2018,FL,1,42,2,3,606,0,1
5,6/10/2018,FL,1,42,2,4,682,0,1
5,6/10/2018,FL,1,42,2,5,741,0,1
5,6/10/2018,FL,1,43,3,1,566,0,1
5,6/10/2018,FL,1,44,4,1,505,0,1
5,6/10/2018,FL,1,44,4,2,574,0,1
5,6/10/2018,FL,1,44,4,3,534,0,1
5,6/10/2018,FL,1,44,4,4,218,0,1
5,6/10/2018,FL,1,44,4,5,434,0,1
5,6/10/2018,FL,1,45,5,1,571,0,1
5,6/10/2018,FL,1,45,5,2,566,0,1
5,6/10/2018,FL,1,46,6,1,476,0,1
5,6/10/2018,FL,1,47,7,1,442,0,1
5,6/10/2018,FL,1,48,8,1,606,0,1
5,6/10/2018,FL,1,49,9,1,556,0,1
5,6/10/2018,FL,1,49,9,2,729,2,1
5,6/10/2018,FL,1,49,9,3,NA,NA,0
5,6/10/2018,FL,1,50,10,1,578,0,1
5,6/10/2018,FL,1,50,10,2,394,0,1
5,6/10/2018,FL,1,50,10,3,569,0,1
5,6/10/2018,FL,1,50,10,4,556,0,1
5,6/10/2018,FL,1,50,10,5,539,0,1
5,6/10/2018,FL,1,51,11,1,564,0,1
5,6/10/2018,FL,1,51,11,2,505,1,1
5,6/10/2018,FL,1,51,11,3,574,0,1
5,6/10/2018,FL,1,51,11,4,634,0,1
5,6/10/2018,FL,1,51,11,5,551,0,1
5,6/10/2018,FL,1,52,12,1,362,0,1
5,6/10/2018,FL,1,52,12,2,720,0,1
5,6/10/2018,FL,1,52,12,3,691,0,1
5,6/10/2018,FL,1,53,13,1,509,0,1
5,6/10/2018,FL,1,53,13,2,659,0,1
5,6/10/2018,FL,1,53,13,3,750,0,1
5,6/10/2018,FL,1,53,13,4,93,0,1
5,6/10/2018,FL,1,54,14,1,580,0,1
5,6/10/2018,FL,1,54,14,2,605,0,1
5,6/10/2018,FL,1,55,15,1,589,0,1
5,6/10/2018,FL,1,55,15,2,600,1,1
5,6/10/2018,FL,1,56,16,1,665,0,1
5,6/10/2018,FL,1,56,16,2,NA,NA,0
5,6/10/2018,FL,1,56,16,3,722,0,1
5,6/10/2018,FL,1,56,16,4,323,0,1
5,6/10/2018,FL,1,57,17,1,670,0,1
5,6/10/2018,FL,1,57,17,2,701,0,1
5,6/10/2018,FL,1,57,17,3,683,0,1
5,6/10/2018,FL,1,57,17,4,711,0,1
5,6/10/2018,FL,1,58,18,1,719,0,1
5,6/10/2018,FL,1,58,18,2,681,1,1
5,6/10/2018,FL,1,58,18,3,472,0,1
5,6/10/2018,FL,1,58,18,4,485,0,1
5,6/10/2018,FL,1,59,19,1,702,1,1
5,6/10/2018,FL,1,60,20,1,NA,NA,0
5,6/10/2018,FL,1,60,20,2,598,0,1
5,6/10/2018,EX,2,21,1,1,323,0,1
5,6/10/2018,EX,2,21,1,2,305,0,1
5,6/10/2018,EX,2,22,2,1,121,0,1
5,6/10/2018,EX,2,22,2,2,624,0,1
5,6/10/2018,EX,2,23,3,1,312,0,1
5,6/10/2018,EX,2,24,4,1,389,0,1
5,6/10/2018,EX,2,25,5,1,304,0,1
5,6/10/2018,EX,2,25,5,2,219,0,1
5,6/10/2018,EX,2,26,6,1,314,0,1
5,6/10/2018,EX,2,26,6,2,224,0,1
5,6/10/2018,EX,2,27,7,1,209,0,1
5,6/10/2018,EX,2,28,8,1,216,0,1
5,6/10/2018,EX,2,28,8,2,222,0,1
5,6/10/2018,EX,2,28,8,3,308,0,1
5,6/10/2018,EX,2,29,9,1,NA,NA,0
5,6/10/2018,EX,2,29,9,2,738,0,1
5,6/10/2018,EX,2,29,9,3,NA,NA,0
5,6/10/2018,EX,2,29,9,4,NA,NA,0
5,6/10/2018,EX,2,30,10,1,NA,NA,0
5,6/10/2018,EX,2,30,10,2,461,0,1
5,6/10/2018,EX,2,30,10,3,482,0,1
5,6/10/2018,EX,2,30,10,4,NA,NA,0
5,6/10/2018,EX,2,30,10,5,216,0,1
5,6/10/2018,EX,2,31,11,1,95,0,1
5,6/10/2018,EX,2,31,11,2,NA,NA,0
5,6/10/2018,EX,2,32,12,1,86,0,1
5,6/10/2018,EX,2,32,12,2,NA,NA,0
5,6/10/2018,EX,2,32,12,3,130,0,1
5,6/10/2018,EX,2,32,12,4,519,0,1
5,6/10/2018,EX,2,33,13,1,395,0,1
5,6/10/2018,EX,2,33,13,2,440,0,1
5,6/10/2018,EX,2,34,14,1,395,0,1
5,6/10/2018,EX,2,35,15,1,NA,NA,0
5,6/10/2018,EX,2,35,15,2,479,0,1
5,6/10/2018,EX,2,36,16,1,296,0,1
5,6/10/2018,EX,2,37,17,1,446,0,1
5,6/10/2018,EX,2,37,17,2,185,0,1
5,6/10/2018,EX,2,38,18,1,NA,NA,0
5,6/10/2018,EX,2,39,19,1,490,0,1
5,6/10/2018,EX,2,39,19,2,437,0,1
5,6/10/2018,EX,2,39,19,3,514,0,1
5,6/10/2018,EX,2,40,20,1,150,0,1
6,6/13/2018,CO,0,1,1,1,593,0,1
6,6/13/2018,CO,0,1,1,2,543,0,1
6,6/13/2018,CO,0,2,2,1,480,0,1
6,6/13/2018,CO,0,3,3,1,592,0,1
6,6/13/2018,CO,0,3,3,2,585,1,1
6,6/13/2018,CO,0,4,4,1,500,0,1
6,6/13/2018,CO,0,5,5,1,647,0,1
6,6/13/2018,CO,0,6,6,1,564,0,1
6,6/13/2018,CO,0,6,6,2,697,0,1
6,6/13/2018,CO,0,7,7,1,655,0,1
6,6/13/2018,CO,0,8,8,1,NA,NA,NA
6,6/13/2018,CO,0,8,8,2,740,0,1
6,6/13/2018,CO,0,8,8,3,714,0,1
6,6/13/2018,CO,0,8,8,4,665,0,1
6,6/13/2018,CO,0,9,9,1,724,0,1
6,6/13/2018,CO,0,9,9,2,554,0,1
6,6/13/2018,CO,0,10,10,1,434,0,1
6,6/13/2018,CO,0,10,10,2,375,0,1
6,6/13/2018,CO,0,11,11,1,406,0,1
6,6/13/2018,CO,0,11,11,2,NA,NA,0
6,6/13/2018,CO,0,11,11,3,708,0,1
6,6/13/2018,CO,0,11,11,4,670,1,1
6,6/13/2018,CO,0,11,11,5,566,0,1
6,6/13/2018,CO,0,12,12,1,780,0,1
6,6/13/2018,CO,0,12,12,2,544,0,1
6,6/13/2018,CO,0,12,12,3,580,0,1
6,6/13/2018,CO,0,13,13,1,NA,NA,NA
6,6/13/2018,CO,0,13,13,2,685,1,1
6,6/13/2018,CO,0,13,13,3,697,0,1
6,6/13/2018,CO,0,13,13,4,693,0,1
6,6/13/2018,CO,0,13,13,5,671,0,1
6,6/13/2018,CO,0,14,14,1,683,0,1
6,6/13/2018,CO,0,15,15,1,711,0,1
6,6/13/2018,CO,0,15,15,2,651,0,1
6,6/13/2018,CO,0,16,16,1,750,0,1
6,6/13/2018,CO,0,16,16,2,575,0,1
6,6/13/2018,CO,0,17,17,1,725,0,1
6,6/13/2018,CO,0,17,17,2,729,0,1
6,6/13/2018,CO,0,17,17,3,741,0,1
6,6/13/2018,CO,0,18,18,1,655,0,1
6,6/13/2018,CO,0,18,18,2,551,0,1
6,6/13/2018,CO,0,18,18,3,762,0,1
6,6/13/2018,CO,0,19,19,1,519,0,1
6,6/13/2018,CO,0,19,19,2,615,0,1
6,6/13/2018,CO,0,20,20,1,490,0,1
6,6/13/2018,CO,0,20,20,2,351,0,1
6,6/13/2018,FL,1,41,1,1,580,0,1
6,6/13/2018,FL,1,41,1,2,840,0,1
6,6/13/2018,FL,1,42,2,1,695,0,1
6,6/13/2018,FL,1,42,2,2,684,0,1
6,6/13/2018,FL,1,42,2,3,642,0,1
6,6/13/2018,FL,1,42,2,4,727,0,1
6,6/13/2018,FL,1,42,2,5,785,0,1
6,6/13/2018,FL,1,43,3,1,583,0,1
6,6/13/2018,FL,1,44,4,1,510,0,1
6,6/13/2018,FL,1,44,4,2,590,0,1
6,6/13/2018,FL,1,44,4,3,568,0,1
6,6/13/2018,FL,1,44,4,4,240,0,1
6,6/13/2018,FL,1,44,4,5,475,0,1
6,6/13/2018,FL,1,45,5,1,590,0,1
6,6/13/2018,FL,1,45,5,2,565,0,1
6,6/13/2018,FL,1,46,6,1,475,0,1
6,6/13/2018,FL,1,47,7,1,487,0,1
6,6/13/2018,FL,1,48,8,1,657,0,1
6,6/13/2018,FL,1,49,9,1,578,0,1
6,6/13/2018,FL,1,49,9,2,750,0,1
6,6/13/2018,FL,1,49,9,3,NA,NA,0
6,6/13/2018,FL,1,50,10,1,597,0,1
6,6/13/2018,FL,1,50,10,2,400,0,1
6,6/13/2018,FL,1,50,10,3,575,0,1
6,6/13/2018,FL,1,50,10,4,585,0,1
6,6/13/2018,FL,1,50,10,5,565,0,1
6,6/13/2018,FL,1,51,11,1,505,1,1
6,6/13/2018,FL,1,51,11,2,572,0,1
6,6/13/2018,FL,1,51,11,3,600,0,1
6,6/13/2018,FL,1,51,11,4,645,0,1
6,6/13/2018,FL,1,51,11,5,548,0,1
6,6/13/2018,FL,1,52,12,1,367,0,1
6,6/13/2018,FL,1,52,12,2,734,0,1
6,6/13/2018,FL,1,52,12,3,701,0,1
6,6/13/2018,FL,1,53,13,1,502,0,1
6,6/13/2018,FL,1,53,13,2,673,0,1
6,6/13/2018,FL,1,53,13,3,761,0,1
6,6/13/2018,FL,1,53,13,4,90,0,1
6,6/13/2018,FL,1,54,14,1,580,0,1
6,6/13/2018,FL,1,54,14,2,636,0,1
6,6/13/2018,FL,1,55,15,1,595,0,1
6,6/13/2018,FL,1,55,15,2,616,0,1
6,6/13/2018,FL,1,56,16,1,698,0,1
6,6/13/2018,FL,1,56,16,2,NA,NA,0
6,6/13/2018,FL,1,56,16,3,647,0,1
6,6/13/2018,FL,1,56,16,4,319,0,1
6,6/13/2018,FL,1,57,17,1,683,0,1
6,6/13/2018,FL,1,57,17,2,700,0,1
6,6/13/2018,FL,1,57,17,3,695,0,1
6,6/13/2018,FL,1,57,17,4,719,0,1
6,6/13/2018,FL,1,58,18,1,728,0,1
6,6/13/2018,FL,1,58,18,2,681,0,1
6,6/13/2018,FL,1,58,18,3,484,0,1
6,6/13/2018,FL,1,58,18,4,480,0,1
6,6/13/2018,FL,1,59,19,1,711,0,1
6,6/13/2018,FL,1,60,20,1,NA,NA,0
6,6/13/2018,FL,1,60,20,2,612,0,1
6,6/13/2018,EX,2,21,1,1,370,0,1
6,6/13/2018,EX,2,21,1,2,347,0,1
6,6/13/2018,EX,2,22,2,1,122,0,1
6,6/13/2018,EX,2,22,2,2,630,0,1
6,6/13/2018,EX,2,23,3,1,310,0,1
6,6/13/2018,EX,2,24,4,1,400,0,1
6,6/13/2018,EX,2,25,5,1,276,0,1
6,6/13/2018,EX,2,25,5,2,357,0,1
6,6/13/2018,EX,2,26,6,1,343,0,1
6,6/13/2018,EX,2,26,6,2,240,0,1
6,6/13/2018,EX,2,27,7,1,220,0,1
6,6/13/2018,EX,2,28,8,1,450,1,1
6,6/13/2018,EX,2,28,8,2,308,0,1
6,6/13/2018,EX,2,28,8,3,303,0,1
6,6/13/2018,EX,2,29,9,1,NA,NA,0
6,6/13/2018,EX,2,29,9,2,793,0,1
6,6/13/2018,EX,2,29,9,3,NA,NA,0
6,6/13/2018,EX,2,29,9,4,NA,NA,0
6,6/13/2018,EX,2,30,10,1,NA,NA,0
6,6/13/2018,EX,2,30,10,2,495,0,1
6,6/13/2018,EX,2,30,10,3,510,0,1
6,6/13/2018,EX,2,30,10,4,NA,NA,0
6,6/13/2018,EX,2,30,10,5,355,0,1
6,6/13/2018,EX,2,31,11,1,97,0,1
6,6/13/2018,EX,2,31,11,2,NA,NA,0
6,6/13/2018,EX,2,32,12,1,90,0,1
6,6/13/2018,EX,2,32,12,2,NA,NA,0
6,6/13/2018,EX,2,32,12,3,121,0,1
6,6/13/2018,EX,2,32,12,4,541,0,1
6,6/13/2018,EX,2,33,13,1,415,0,1
6,6/13/2018,EX,2,33,13,2,463,0,1
6,6/13/2018,EX,2,34,14,1,432,0,1
6,6/13/2018,EX,2,35,15,1,NA,NA,0
6,6/13/2018,EX,2,35,15,2,505,0,1
6,6/13/2018,EX,2,36,16,1,340,0,1
6,6/13/2018,EX,2,37,17,1,456,0,1
6,6/13/2018,EX,2,37,17,2,160,0,1
6,6/13/2018,EX,2,38,18,1,NA,NA,0
6,6/13/2018,EX,2,39,19,1,529,0,1
6,6/13/2018,EX,2,39,19,2,460,0,1
6,6/13/2018,EX,2,39,19,3,130,0,1
6,6/13/2018,EX,2,40,20,1,55,0,1
7,6/16/2018,CO,0,1,1,1,612,0,1
7,6/16/2018,CO,0,1,1,2,552,0,1
7,6/16/2018,CO,0,2,2,1,480,0,1
7,6/16/2018,CO,0,3,3,1,605,0,1
7,6/16/2018,CO,0,3,3,2,589,0,1
7,6/16/2018,CO,0,4,4,1,501,0,1
7,6/16/2018,CO,0,5,5,1,648,0,1
7,6/16/2018,CO,0,6,6,1,585,0,1
7,6/16/2018,CO,0,6,6,2,722,0,1
7,6/16/2018,CO,0,7,7,1,655,0,1
7,6/16/2018,CO,0,8,8,1,NA,NA,NA
7,6/16/2018,CO,0,8,8,2,770,0,1
7,6/16/2018,CO,0,8,8,3,728,0,1
7,6/16/2018,CO,0,8,8,4,665,0,1
7,6/16/2018,CO,0,9,9,1,748,0,1
7,6/16/2018,CO,0,9,9,2,566,0,1
7,6/16/2018,CO,0,10,10,1,438,0,1
7,6/16/2018,CO,0,10,10,2,370,1,1
7,6/16/2018,CO,0,11,11,1,426,0,1
7,6/16/2018,CO,0,11,11,2,NA,NA,0
7,6/16/2018,CO,0,11,11,3,725,0,1
7,6/16/2018,CO,0,11,11,4,683,0,1
7,6/16/2018,CO,0,11,11,5,567,0,1
7,6/16/2018,CO,0,12,12,1,803,0,1
7,6/16/2018,CO,0,12,12,2,548,0,1
7,6/16/2018,CO,0,12,12,3,595,0,1
7,6/16/2018,CO,0,13,13,1,NA,NA,NA
7,6/16/2018,CO,0,13,13,2,700,1,1
7,6/16/2018,CO,0,13,13,3,701,0,1
7,6/16/2018,CO,0,13,13,4,691,0,1
7,6/16/2018,CO,0,13,13,5,703,0,1
7,6/16/2018,CO,0,14,14,1,699,0,1
7,6/16/2018,CO,0,15,15,1,722,0,1
7,6/16/2018,CO,0,15,15,2,664,0,1
7,6/16/2018,CO,0,16,16,1,760,0,1
7,6/16/2018,CO,0,16,16,2,580,0,1
7,6/16/2018,CO,0,17,17,1,748,0,1
7,6/16/2018,CO,0,17,17,2,754,0,1
7,6/16/2018,CO,0,17,17,3,748,0,1
7,6/16/2018,CO,0,18,18,1,667,1,1
7,6/16/2018,CO,0,18,18,2,575,0,1
7,6/16/2018,CO,0,18,18,3,782,0,1
7,6/16/2018,CO,0,19,19,1,520,0,1
7,6/16/2018,CO,0,19,19,2,622,0,1
7,6/16/2018,CO,0,20,20,1,494,0,1
7,6/16/2018,CO,0,20,20,2,360,0,1
7,6/16/2018,FL,1,41,1,1,590,0,1
7,6/16/2018,FL,1,41,1,2,842,0,1
7,6/16/2018,FL,1,42,2,1,725,0,1
7,6/16/2018,FL,1,42,2,2,698,0,1
7,6/16/2018,FL,1,42,2,3,663,0,1
7,6/16/2018,FL,1,42,2,4,728,0,1
7,6/16/2018,FL,1,42,2,5,805,0,1
7,6/16/2018,FL,1,43,3,1,585,0,1
7,6/16/2018,FL,1,44,4,1,520,0,1
7,6/16/2018,FL,1,44,4,2,608,0,1
7,6/16/2018,FL,1,44,4,3,585,0,1
7,6/16/2018,FL,1,44,4,4,235,0,1
7,6/16/2018,FL,1,44,4,5,470,0,1
7,6/16/2018,FL,1,45,5,1,600,0,1
7,6/16/2018,FL,1,45,5,2,565,0,1
7,6/16/2018,FL,1,46,6,1,478,0,1
7,6/16/2018,FL,1,47,7,1,529,0,1
7,6/16/2018,FL,1,48,8,1,665,0,1
7,6/16/2018,FL,1,49,9,1,578,0,1
7,6/16/2018,FL,1,49,9,2,752,0,1
7,6/16/2018,FL,1,49,9,3,NA,NA,0
7,6/16/2018,FL,1,50,10,1,600,0,1
7,6/16/2018,FL,1,50,10,2,402,0,1
7,6/16/2018,FL,1,50,10,3,580,0,1
7,6/16/2018,FL,1,50,10,4,585,0,1
7,6/16/2018,FL,1,50,10,5,565,0,1
7,6/16/2018,FL,1,51,11,1,520,0,1
7,6/16/2018,FL,1,51,11,2,575,0,1
7,6/16/2018,FL,1,51,11,3,618,0,1
7,6/16/2018,FL,1,51,11,4,648,0,1
7,6/16/2018,FL,1,51,11,5,557,0,1
7,6/16/2018,FL,1,52,12,1,367,0,1
7,6/16/2018,FL,1,52,12,2,780,0,1
7,6/16/2018,FL,1,52,12,3,731,0,1
7,6/16/2018,FL,1,53,13,1,507,0,1
7,6/16/2018,FL,1,53,13,2,695,0,1
7,6/16/2018,FL,1,53,13,3,885,0,1
7,6/16/2018,FL,1,53,13,4,87,0,1
7,6/16/2018,FL,1,54,14,1,591,0,1
7,6/16/2018,FL,1,54,14,2,644,0,1
7,6/16/2018,FL,1,55,15,1,592,0,1
7,6/16/2018,FL,1,55,15,2,616,0,1
7,6/16/2018,FL,1,56,16,1,712,0,1
7,6/16/2018,FL,1,56,16,2,NA,NA,0
7,6/16/2018,FL,1,56,16,3,773,0,1
7,6/16/2018,FL,1,56,16,4,320,0,1
7,6/16/2018,FL,1,57,17,1,675,0,1
7,6/16/2018,FL,1,57,17,2,731,0,1
7,6/16/2018,FL,1,57,17,3,694,0,1
7,6/16/2018,FL,1,57,17,4,723,0,1
7,6/16/2018,FL,1,58,18,1,752,0,1
7,6/16/2018,FL,1,58,18,2,714,0,1
7,6/16/2018,FL,1,58,18,3,490,0,1
7,6/16/2018,FL,1,58,18,4,490,0,1
7,6/16/2018,FL,1,59,19,1,723,0,1
7,6/16/2018,FL,1,60,20,1,NA,NA,0
7,6/16/2018,FL,1,60,20,2,641,0,1
7,6/16/2018,EX,2,21,1,1,410,0,1
7,6/16/2018,EX,2,21,1,2,352,0,1
7,6/16/2018,EX,2,22,2,1,118,0,1
7,6/16/2018,EX,2,22,2,2,645,0,1
7,6/16/2018,EX,2,23,3,1,315,0,1
7,6/16/2018,EX,2,24,4,1,403,0,1
7,6/16/2018,EX,2,25,5,1,395,0,1
7,6/16/2018,EX,2,25,5,2,298,0,1
7,6/16/2018,EX,2,26,6,1,370,0,1
7,6/16/2018,EX,2,26,6,2,250,0,1
7,6/16/2018,EX,2,27,7,1,248,0,1
7,6/16/2018,EX,2,28,8,1,230,0,1
7,6/16/2018,EX,2,28,8,2,215,0,1
7,6/16/2018,EX,2,28,8,3,295,0,1
7,6/16/2018,EX,2,29,9,1,NA,NA,0
7,6/16/2018,EX,2,29,9,2,794,0,1
7,6/16/2018,EX,2,29,9,3,NA,NA,0
7,6/16/2018,EX,2,29,9,4,NA,NA,0
7,6/16/2018,EX,2,30,10,1,NA,NA,0
7,6/16/2018,EX,2,30,10,2,490,1,1
7,6/16/2018,EX,2,30,10,3,512,0,1
7,6/16/2018,EX,2,30,10,4,NA,NA,0
7,6/16/2018,EX,2,30,10,5,325,0,1
7,6/16/2018,EX,2,31,11,1,96,0,1
7,6/16/2018,EX,2,31,11,2,NA,NA,0
7,6/16/2018,EX,2,32,12,1,85,0,1
7,6/16/2018,EX,2,32,12,2,NA,NA,0
7,6/16/2018,EX,2,32,12,3,130,0,1
7,6/16/2018,EX,2,32,12,4,562,0,1
7,6/16/2018,EX,2,33,13,1,435,0,1
7,6/16/2018,EX,2,33,13,2,482,0,1
7,6/16/2018,EX,2,34,14,1,451,0,1
7,6/16/2018,EX,2,35,15,1,NA,NA,0
7,6/16/2018,EX,2,35,15,2,525,0,1
7,6/16/2018,EX,2,36,16,1,355,0,1
7,6/16/2018,EX,2,37,17,1,464,0,1
7,6/16/2018,EX,2,37,17,2,201,0,1
7,6/16/2018,EX,2,38,18,1,NA,NA,0
7,6/16/2018,EX,2,39,19,1,561,0,1
7,6/16/2018,EX,2,39,19,2,457,0,1
7,6/16/2018,EX,2,39,19,3,105,0,1
7,6/16/2018,EX,2,40,20,1,55,0,1
8,6/20/2018,CO,0,1,1,1,652,0,1
8,6/20/2018,CO,0,1,1,2,600,0,1
8,6/20/2018,CO,0,2,2,1,494,0,1
8,6/20/2018,CO,0,3,3,1,610,0,1
8,6/20/2018,CO,0,3,3,2,600,0,1
8,6/20/2018,CO,0,4,4,1,527,0,1
8,6/20/2018,CO,0,5,5,1,670,0,1
8,6/20/2018,CO,0,6,6,1,585,0,1
8,6/20/2018,CO,0,6,6,2,750,0,1
8,6/20/2018,CO,0,7,7,1,687,0,1
8,6/20/2018,CO,0,8,8,1,NA,NA,NA
8,6/20/2018,CO,0,8,8,2,812,0,1
8,6/20/2018,CO,0,8,8,3,742,0,1
8,6/20/2018,CO,0,8,8,4,663,0,1
8,6/20/2018,CO,0,9,9,1,753,0,1
8,6/20/2018,CO,0,9,9,2,563,0,1
8,6/20/2018,CO,0,10,10,1,450,0,1
8,6/20/2018,CO,0,10,10,2,380,0,1
8,6/20/2018,CO,0,11,11,1,442,0,1
8,6/20/2018,CO,0,11,11,2,NA,NA,0
8,6/20/2018,CO,0,11,11,3,736,0,1
8,6/20/2018,CO,0,11,11,4,725,0,1
8,6/20/2018,CO,0,11,11,5,600,0,1
8,6/20/2018,CO,0,12,12,1,791,0,1
8,6/20/2018,CO,0,12,12,2,547,0,1
8,6/20/2018,CO,0,12,12,3,595,0,1
8,6/20/2018,CO,0,13,13,1,NA,NA,NA
8,6/20/2018,CO,0,13,13,2,706,0,1
8,6/20/2018,CO,0,13,13,3,705,0,1
8,6/20/2018,CO,0,13,13,4,721,0,1
8,6/20/2018,CO,0,13,13,5,715,0,1
8,6/20/2018,CO,0,14,14,1,709,0,1
8,6/20/2018,CO,0,15,15,1,735,0,1
8,6/20/2018,CO,0,15,15,2,690,0,1
8,6/20/2018,CO,0,16,16,1,752,0,1
8,6/20/2018,CO,0,16,16,2,589,0,1
8,6/20/2018,CO,0,17,17,1,766,0,1
8,6/20/2018,CO,0,17,17,2,771,0,1
8,6/20/2018,CO,0,17,17,3,761,0,1
8,6/20/2018,CO,0,18,18,1,681,0,1
8,6/20/2018,CO,0,18,18,2,583,0,1
8,6/20/2018,CO,0,18,18,3,790,0,1
8,6/20/2018,CO,0,19,19,1,531,0,1
8,6/20/2018,CO,0,19,19,2,651,0,1
8,6/20/2018,CO,0,20,20,1,511,0,1
8,6/20/2018,CO,0,20,20,2,364,0,1
8,6/20/2018,FL,1,41,1,1,605,0,1
8,6/20/2018,FL,1,41,1,2,875,0,1
8,6/20/2018,FL,1,42,2,1,750,0,1
8,6/20/2018,FL,1,42,2,2,645,0,1
8,6/20/2018,FL,1,42,2,3,675,0,1
8,6/20/2018,FL,1,42,2,4,772,0,1
8,6/20/2018,FL,1,42,2,5,735,0,1
8,6/20/2018,FL,1,43,3,1,608,0,1
8,6/20/2018,FL,1,44,4,1,525,0,1
8,6/20/2018,FL,1,44,4,2,612,0,1
8,6/20/2018,FL,1,44,4,3,595,0,1
8,6/20/2018,FL,1,44,4,4,240,0,1
8,6/20/2018,FL,1,44,4,5,470,0,1
8,6/20/2018,FL,1,45,5,1,610,0,1
8,6/20/2018,FL,1,45,5,2,580,0,1
8,6/20/2018,FL,1,46,6,1,495,0,1
8,6/20/2018,FL,1,47,7,1,555,0,1
8,6/20/2018,FL,1,48,8,1,693,0,1
8,6/20/2018,FL,1,49,9,1,585,0,1
8,6/20/2018,FL,1,49,9,2,760,0,1
8,6/20/2018,FL,1,49,9,3,NA,NA,0
8,6/20/2018,FL,1,50,10,1,618,0,1
8,6/20/2018,FL,1,50,10,2,409,0,1
8,6/20/2018,FL,1,50,10,3,597,0,1
8,6/20/2018,FL,1,50,10,4,604,0,1
8,6/20/2018,FL,1,50,10,5,580,0,1
8,6/20/2018,FL,1,51,11,1,530,0,1
8,6/20/2018,FL,1,51,11,2,544,0,1
8,6/20/2018,FL,1,51,11,3,645,0,1
8,6/20/2018,FL,1,51,11,4,657,0,1
8,6/20/2018,FL,1,51,11,5,654,0,1
8,6/20/2018,FL,1,52,12,1,375,0,1
8,6/20/2018,FL,1,52,12,2,795,0,1
8,6/20/2018,FL,1,52,12,3,748,0,1
8,6/20/2018,FL,1,53,13,1,511,0,1
8,6/20/2018,FL,1,53,13,2,708,0,1
8,6/20/2018,FL,1,53,13,3,800,0,1
8,6/20/2018,FL,1,53,13,4,85,0,1
8,6/20/2018,FL,1,54,14,1,590,0,1
8,6/20/2018,FL,1,54,14,2,659,0,1
8,6/20/2018,FL,1,55,15,1,598,0,1
8,6/20/2018,FL,1,55,15,2,618,0,1
8,6/20/2018,FL,1,56,16,1,700,0,1
8,6/20/2018,FL,1,56,16,2,NA,NA,0
8,6/20/2018,FL,1,56,16,3,791,0,1
8,6/20/2018,FL,1,56,16,4,319,0,1
8,6/20/2018,FL,1,57,17,1,696,0,1
8,6/20/2018,FL,1,57,17,2,741,0,1
8,6/20/2018,FL,1,57,17,3,724,0,1
8,6/20/2018,FL,1,57,17,4,742,0,1
8,6/20/2018,FL,1,58,18,1,761,0,1
8,6/20/2018,FL,1,58,18,2,720,0,1
8,6/20/2018,FL,1,58,18,3,483,0,1
8,6/20/2018,FL,1,58,18,4,491,0,1
8,6/20/2018,FL,1,59,19,1,752,0,1
8,6/20/2018,FL,1,60,20,1,NA,NA,0
8,6/20/2018,FL,1,60,20,2,640,0,1
8,6/20/2018,EX,2,21,1,1,452,1,1
8,6/20/2018,EX,2,21,1,2,304,0,1
8,6/20/2018,EX,2,22,2,1,35,0,1
8,6/20/2018,EX,2,22,2,2,663,0,1
8,6/20/2018,EX,2,23,3,1,300,0,1
8,6/20/2018,EX,2,24,4,1,402,0,1
8,6/20/2018,EX,2,25,5,1,443,0,1
8,6/20/2018,EX,2,25,5,2,342,0,1
8,6/20/2018,EX,2,26,6,1,382,0,1
8,6/20/2018,EX,2,26,6,2,260,0,1
8,6/20/2018,EX,2,27,7,1,250,0,1
8,6/20/2018,EX,2,28,8,1,260,0,1
8,6/20/2018,EX,2,28,8,2,250,0,1
8,6/20/2018,EX,2,28,8,3,305,0,1
8,6/20/2018,EX,2,29,9,1,NA,NA,0
8,6/20/2018,EX,2,29,9,2,810,0,1
8,6/20/2018,EX,2,29,9,3,NA,NA,0
8,6/20/2018,EX,2,29,9,4,NA,NA,0
8,6/20/2018,EX,2,30,10,1,NA,NA,0
8,6/20/2018,EX,2,30,10,2,518,0,1
8,6/20/2018,EX,2,30,10,3,563,0,1
8,6/20/2018,EX,2,30,10,4,NA,NA,0
8,6/20/2018,EX,2,30,10,5,330,0,1
8,6/20/2018,EX,2,31,11,1,95,0,1
8,6/20/2018,EX,2,31,11,2,NA,NA,0
8,6/20/2018,EX,2,32,12,1,86,0,1
8,6/20/2018,EX,2,32,12,2,NA,NA,0
8,6/20/2018,EX,2,32,12,3,132,0,1
8,6/20/2018,EX,2,32,12,4,592,0,1
8,6/20/2018,EX,2,33,13,1,448,0,1
8,6/20/2018,EX,2,33,13,2,512,0,1
8,6/20/2018,EX,2,34,14,1,452,0,1
8,6/20/2018,EX,2,35,15,1,NA,NA,0
8,6/20/2018,EX,2,35,15,2,547,0,1
8,6/20/2018,EX,2,36,16,1,391,0,1
8,6/20/2018,EX,2,37,17,1,468,0,1
8,6/20/2018,EX,2,37,17,2,200,0,1
8,6/20/2018,EX,2,38,18,1,NA,NA,0
8,6/20/2018,EX,2,39,19,1,608,0,1
8,6/20/2018,EX,2,39,19,2,450,0,1
8,6/20/2018,EX,2,39,19,3,584,0,1
8,6/20/2018,EX,2,40,20,1,157,0,1
9,6/23/2018,CO,0,1,1,1,661,0,1
9,6/23/2018,CO,0,1,1,2,609,0,1
9,6/23/2018,CO,0,2,2,1,491,0,1
9,6/23/2018,CO,0,3,3,1,617,0,1
9,6/23/2018,CO,0,3,3,2,600,0,1
9,6/23/2018,CO,0,4,4,1,529,0,1
9,6/23/2018,CO,0,5,5,1,653,0,1
9,6/23/2018,CO,0,6,6,1,600,0,1
9,6/23/2018,CO,0,6,6,2,578,0,1
9,6/23/2018,CO,0,7,7,1,690,0,1
9,6/23/2018,CO,0,8,8,1,NA,NA,NA
9,6/23/2018,CO,0,8,8,2,825,0,1
9,6/23/2018,CO,0,8,8,3,744,0,1
9,6/23/2018,CO,0,8,8,4,673,0,1
9,6/23/2018,CO,0,9,9,1,773,0,1
9,6/23/2018,CO,0,9,9,2,572,0,1
9,6/23/2018,CO,0,10,10,1,441,0,1
9,6/23/2018,CO,0,10,10,2,382,0,1
9,6/23/2018,CO,0,11,11,1,439,0,1
9,6/23/2018,CO,0,11,11,2,NA,NA,0
9,6/23/2018,CO,0,11,11,3,704,0,1
9,6/23/2018,CO,0,11,11,4,722,0,1
9,6/23/2018,CO,0,11,11,5,558,0,1
9,6/23/2018,CO,0,12,12,1,793,2,1
9,6/23/2018,CO,0,12,12,2,538,0,1
9,6/23/2018,CO,0,12,12,3,589,0,1
9,6/23/2018,CO,0,13,13,1,NA,NA,NA
9,6/23/2018,CO,0,13,13,2,692,0,1
9,6/23/2018,CO,0,13,13,3,701,0,1
9,6/23/2018,CO,0,13,13,4,686,1,1
9,6/23/2018,CO,0,13,13,5,696,0,1
9,6/23/2018,CO,0,14,14,1,693,0,1
9,6/23/2018,CO,0,15,15,1,711,0,1
9,6/23/2018,CO,0,15,15,2,669,0,1
9,6/23/2018,CO,0,16,16,1,709,1,1
9,6/23/2018,CO,0,16,16,2,554,0,1
9,6/23/2018,CO,0,17,17,1,741,0,1
9,6/23/2018,CO,0,17,17,2,759,0,1
9,6/23/2018,CO,0,17,17,3,729,0,1
9,6/23/2018,CO,0,18,18,1,641,0,1
9,6/23/2018,CO,0,18,18,2,564,0,1
9,6/23/2018,CO,0,18,18,3,764,0,1
9,6/23/2018,CO,0,19,19,1,521,0,1
9,6/23/2018,CO,0,19,19,2,642,0,1
9,6/23/2018,CO,0,20,20,1,510,0,1
9,6/23/2018,CO,0,20,20,2,361,0,1
9,6/23/2018,FL,1,41,1,1,602,0,1
9,6/23/2018,FL,1,41,1,2,880,0,1
9,6/23/2018,FL,1,42,2,1,760,0,1
9,6/23/2018,FL,1,42,2,2,739,0,1
9,6/23/2018,FL,1,42,2,3,675,0,1
9,6/23/2018,FL,1,42,2,4,773,0,1
9,6/23/2018,FL,1,42,2,5,835,0,1
9,6/23/2018,FL,1,43,3,1,615,0,1
9,6/23/2018,FL,1,44,4,1,530,0,1
9,6/23/2018,FL,1,44,4,2,603,0,1
9,6/23/2018,FL,1,44,4,3,600,0,1
9,6/23/2018,FL,1,44,4,4,244,0,1
9,6/23/2018,FL,1,44,4,5,472,0,1
9,6/23/2018,FL,1,45,5,1,618,0,1
9,6/23/2018,FL,1,45,5,2,598,0,1
9,6/23/2018,FL,1,46,6,1,491,0,1
9,6/23/2018,FL,1,47,7,1,573,0,1
9,6/23/2018,FL,1,48,8,1,690,0,1
9,6/23/2018,FL,1,49,9,1,589,0,1
9,6/23/2018,FL,1,49,9,2,772,0,1
9,6/23/2018,FL,1,49,9,3,NA,NA,0
9,6/23/2018,FL,1,50,10,1,625,0,1
9,6/23/2018,FL,1,50,10,2,416,1,1
9,6/23/2018,FL,1,50,10,3,594,0,1
9,6/23/2018,FL,1,50,10,4,610,0,1
9,6/23/2018,FL,1,50,10,5,584,0,1
9,6/23/2018,FL,1,51,11,1,519,0,1
9,6/23/2018,FL,1,51,11,2,579,0,1
9,6/23/2018,FL,1,51,11,3,611,0,1
9,6/23/2018,FL,1,51,11,4,659,0,1
9,6/23/2018,FL,1,51,11,5,552,0,1
9,6/23/2018,FL,1,52,12,1,353,0,1
9,6/23/2018,FL,1,52,12,2,786,0,1
9,6/23/2018,FL,1,52,12,3,718,0,1
9,6/23/2018,FL,1,53,13,1,516,0,1
9,6/23/2018,FL,1,53,13,2,696,0,1
9,6/23/2018,FL,1,53,13,3,803,0,1
9,6/23/2018,FL,1,53,13,4,NA,NA,0
9,6/23/2018,FL,1,54,14,1,566,1,1
9,6/23/2018,FL,1,54,14,2,626,2,1
9,6/23/2018,FL,1,55,15,1,576,0,1
9,6/23/2018,FL,1,55,15,2,631,0,1
9,6/23/2018,FL,1,56,16,1,691,1,1
9,6/23/2018,FL,1,56,16,2,NA,NA,0
9,6/23/2018,FL,1,56,16,3,776,0,1
9,6/23/2018,FL,1,56,16,4,316,0,1
9,6/23/2018,FL,1,57,17,1,676,0,1
9,6/23/2018,FL,1,57,17,2,732,0,1
9,6/23/2018,FL,1,57,17,3,702,0,1
9,6/23/2018,FL,1,57,17,4,725,0,1
9,6/23/2018,FL,1,58,18,1,756,0,1
9,6/23/2018,FL,1,58,18,2,698,0,1
9,6/23/2018,FL,1,58,18,3,479,0,1
9,6/23/2018,FL,1,58,18,4,467,0,1
9,6/23/2018,FL,1,59,19,1,741,0,1
9,6/23/2018,FL,1,60,20,1,NA,NA,0
9,6/23/2018,FL,1,60,20,2,756,0,1
9,6/23/2018,EX,2,21,1,1,460,1,1
9,6/23/2018,EX,2,21,1,2,305,0,1
9,6/23/2018,EX,2,22,2,1,NA,NA,0
9,6/23/2018,EX,2,22,2,2,675,0,1
9,6/23/2018,EX,2,23,3,1,303,0,1
9,6/23/2018,EX,2,24,4,1,399,0,1
9,6/23/2018,EX,2,25,5,1,460,0,1
9,6/23/2018,EX,2,25,5,2,246,0,1
9,6/23/2018,EX,2,26,6,1,383,0,1
9,6/23/2018,EX,2,26,6,2,268,0,1
9,6/23/2018,EX,2,27,7,1,254,0,1
9,6/23/2018,EX,2,28,8,1,262,0,1
9,6/23/2018,EX,2,28,8,2,290,0,1
9,6/23/2018,EX,2,28,8,3,311,0,1
9,6/23/2018,EX,2,29,9,1,NA,NA,0
9,6/23/2018,EX,2,29,9,2,812,0,1
9,6/23/2018,EX,2,29,9,3,NA,NA,0
9,6/23/2018,EX,2,29,9,4,NA,NA,0
9,6/23/2018,EX,2,30,10,1,NA,NA,0
9,6/23/2018,EX,2,30,10,2,510,0,1
9,6/23/2018,EX,2,30,10,3,558,0,1
9,6/23/2018,EX,2,30,10,4,NA,NA,0
9,6/23/2018,EX,2,30,10,5,330,0,1
9,6/23/2018,EX,2,31,11,1,96,0,1
9,6/23/2018,EX,2,31,11,2,NA,NA,0
9,6/23/2018,EX,2,32,12,1,NA,NA,0
9,6/23/2018,EX,2,32,12,2,NA,NA,0
9,6/23/2018,EX,2,32,12,3,123,0,1
9,6/23/2018,EX,2,32,12,4,542,0,1
9,6/23/2018,EX,2,33,13,1,454,0,1
9,6/23/2018,EX,2,33,13,2,481,0,1
9,6/23/2018,EX,2,34,14,1,449,0,1
9,6/23/2018,EX,2,35,15,1,NA,NA,0
9,6/23/2018,EX,2,35,15,2,562,0,1
9,6/23/2018,EX,2,36,16,1,379,0,1
9,6/23/2018,EX,2,37,17,1,462,0,1
9,6/23/2018,EX,2,37,17,2,189,0,1
9,6/23/2018,EX,2,38,18,1,NA,NA,0
9,6/23/2018,EX,2,39,19,1,610,0,1
9,6/23/2018,EX,2,39,19,2,465,0,1
9,6/23/2018,EX,2,39,19,3,600,0,1
9,6/23/2018,EX,2,40,20,1,157,0,1
10,6/27/2018,CO,0,1,1,1,683,0,1
10,6/27/2018,CO,0,1,1,2,624,0,1
10,6/27/2018,CO,0,2,2,1,490,0,1
10,6/27/2018,CO,0,3,3,1,625,0,1
10,6/27/2018,CO,0,3,3,2,612,0,1
10,6/27/2018,CO,0,4,4,1,530,0,1
10,6/27/2018,CO,0,5,5,1,660,0,1
10,6/27/2018,CO,0,6,6,1,605,0,1
10,6/27/2018,CO,0,6,6,2,755,0,1
10,6/27/2018,CO,0,7,7,1,700,0,1
10,6/27/2018,CO,0,8,8,1,NA,NA,NA
10,6/27/2018,CO,0,8,8,2,835,0,1
10,6/27/2018,CO,0,8,8,3,745,0,1
10,6/27/2018,CO,0,8,8,4,660,0,1
10,6/27/2018,CO,0,9,9,1,580,0,1
10,6/27/2018,CO,0,9,9,2,575,0,1
10,6/27/2018,CO,0,10,10,1,475,0,1
10,6/27/2018,CO,0,10,10,2,385,0,1
10,6/27/2018,CO,0,11,11,1,445,0,1
10,6/27/2018,CO,0,11,11,2,NA,NA,0
10,6/27/2018,CO,0,11,11,3,719,0,1
10,6/27/2018,CO,0,11,11,4,725,0,1
10,6/27/2018,CO,0,11,11,5,610,0,1
10,6/27/2018,CO,0,12,12,1,815,0,1
10,6/27/2018,CO,0,12,12,2,560,0,1
10,6/27/2018,CO,0,12,12,3,605,0,1
10,6/27/2018,CO,0,13,13,1,NA,NA,NA
10,6/27/2018,CO,0,13,13,2,713,1,1
10,6/27/2018,CO,0,13,13,3,721,0,1
10,6/27/2018,CO,0,13,13,4,711,0,1
10,6/27/2018,CO,0,13,13,5,735,0,1
10,6/27/2018,CO,0,14,14,1,680,0,1
10,6/27/2018,CO,0,15,15,1,740,0,1
10,6/27/2018,CO,0,15,15,2,705,0,1
10,6/27/2018,CO,0,16,16,1,720,0,1
10,6/27/2018,CO,0,16,16,2,563,0,1
10,6/27/2018,CO,0,17,17,1,745,0,1
10,6/27/2018,CO,0,17,17,2,771,0,1
10,6/27/2018,CO,0,17,17,3,740,0,1
10,6/27/2018,CO,0,18,18,1,652,0,1
10,6/27/2018,CO,0,18,18,2,545,0,1
10,6/27/2018,CO,0,18,18,3,670,0,1
10,6/27/2018,CO,0,19,19,1,534,0,1
10,6/27/2018,CO,0,19,19,2,650,0,1
10,6/27/2018,CO,0,20,20,1,515,0,1
10,6/27/2018,CO,0,20,20,2,340,0,1
10,6/27/2018,FL,1,41,1,1,600,0,1
10,6/27/2018,FL,1,41,1,2,880,0,1
10,6/27/2018,FL,1,42,2,1,765,0,1
10,6/27/2018,FL,1,42,2,2,743,0,1
10,6/27/2018,FL,1,42,2,3,678,0,1
10,6/27/2018,FL,1,42,2,4,811,0,1
10,6/27/2018,FL,1,42,2,5,863,0,1
10,6/27/2018,FL,1,43,3,1,622,0,1
10,6/27/2018,FL,1,44,4,1,535,0,1
10,6/27/2018,FL,1,44,4,2,605,0,1
10,6/27/2018,FL,1,44,4,3,600,0,1
10,6/27/2018,FL,1,44,4,4,240,0,1
10,6/27/2018,FL,1,44,4,5,445,0,1
10,6/27/2018,FL,1,45,5,1,617,0,1
10,6/27/2018,FL,1,45,5,2,610,0,1
10,6/27/2018,FL,1,46,6,1,495,0,1
10,6/27/2018,FL,1,47,7,1,590,0,1
10,6/27/2018,FL,1,48,8,1,700,0,1
10,6/27/2018,FL,1,49,9,1,583,0,1
10,6/27/2018,FL,1,49,9,2,775,0,1
10,6/27/2018,FL,1,49,9,3,NA,NA,0
10,6/27/2018,FL,1,50,10,1,615,0,1
10,6/27/2018,FL,1,50,10,2,415,0,1
10,6/27/2018,FL,1,50,10,3,600,0,1
10,6/27/2018,FL,1,50,10,4,610,0,1
10,6/27/2018,FL,1,50,10,5,580,0,1
10,6/27/2018,FL,1,51,11,1,430,0,1
10,6/27/2018,FL,1,51,11,2,570,0,1
10,6/27/2018,FL,1,51,11,3,610,0,1
10,6/27/2018,FL,1,51,11,4,650,0,1
10,6/27/2018,FL,1,51,11,5,449,0,1
10,6/27/2018,FL,1,52,12,1,370,0,1
10,6/27/2018,FL,1,52,12,2,773,0,1
10,6/27/2018,FL,1,52,12,3,757,0,1
10,6/27/2018,FL,1,53,13,1,400,0,1
10,6/27/2018,FL,1,53,13,2,710,0,1
10,6/27/2018,FL,1,53,13,3,820,0,1
10,6/27/2018,FL,1,53,13,4,NA,NA,0
10,6/27/2018,FL,1,54,14,1,570,0,1
10,6/27/2018,FL,1,54,14,2,630,0,1
10,6/27/2018,FL,1,55,15,1,605,0,1
10,6/27/2018,FL,1,55,15,2,630,0,1
10,6/27/2018,FL,1,56,16,1,728,0,1
10,6/27/2018,FL,1,56,16,2,NA,NA,0
10,6/27/2018,FL,1,56,16,3,791,0,1
10,6/27/2018,FL,1,56,16,4,320,0,1
10,6/27/2018,FL,1,57,17,1,700,0,1
10,6/27/2018,FL,1,57,17,2,725,0,1
10,6/27/2018,FL,1,57,17,3,732,0,1
10,6/27/2018,FL,1,57,17,4,743,0,1
10,6/27/2018,FL,1,58,18,1,761,0,1
10,6/27/2018,FL,1,58,18,2,720,0,1
10,6/27/2018,FL,1,58,18,3,459,0,1
10,6/27/2018,FL,1,58,18,4,500,1,1
10,6/27/2018,FL,1,59,19,1,645,1,1
10,6/27/2018,FL,1,60,20,1,NA,NA,0
10,6/27/2018,FL,1,60,20,2,671,0,1
10,6/27/2018,EX,2,21,1,1,500,0,1
10,6/27/2018,EX,2,21,1,2,303,0,1
10,6/27/2018,EX,2,22,2,1,NA,NA,0
10,6/27/2018,EX,2,22,2,2,704,0,1
10,6/27/2018,EX,2,23,3,1,305,0,1
10,6/27/2018,EX,2,24,4,1,410,0,1
10,6/27/2018,EX,2,25,5,1,475,0,1
10,6/27/2018,EX,2,25,5,2,243,0,1
10,6/27/2018,EX,2,26,6,1,388,0,1
10,6/27/2018,EX,2,26,6,2,268,0,1
10,6/27/2018,EX,2,27,7,1,253,0,1
10,6/27/2018,EX,2,28,8,1,265,0,1
10,6/27/2018,EX,2,28,8,2,313,0,1
10,6/27/2018,EX,2,28,8,3,310,0,1
10,6/27/2018,EX,2,29,9,1,NA,NA,0
10,6/27/2018,EX,2,29,9,2,823,0,1
10,6/27/2018,EX,2,29,9,3,NA,NA,0
10,6/27/2018,EX,2,29,9,4,NA,NA,0
10,6/27/2018,EX,2,30,10,1,NA,NA,0
10,6/27/2018,EX,2,30,10,2,525,0,1
10,6/27/2018,EX,2,30,10,3,575,0,1
10,6/27/2018,EX,2,30,10,4,NA,NA,0
10,6/27/2018,EX,2,30,10,5,340,0,1
10,6/27/2018,EX,2,31,11,1,92,0,1
10,6/27/2018,EX,2,31,11,2,NA,NA,0
10,6/27/2018,EX,2,32,12,1,NA,NA,0
10,6/27/2018,EX,2,32,12,2,NA,NA,0
10,6/27/2018,EX,2,32,12,3,120,0,1
10,6/27/2018,EX,2,32,12,4,640,0,1
10,6/27/2018,EX,2,33,13,1,470,0,1
10,6/27/2018,EX,2,33,13,2,510,0,1
10,6/27/2018,EX,2,34,14,1,471,0,1
10,6/27/2018,EX,2,35,15,1,NA,NA,0
10,6/27/2018,EX,2,35,15,2,660,0,1
10,6/27/2018,EX,2,36,16,1,415,1,1
10,6/27/2018,EX,2,37,17,1,495,0,1
10,6/27/2018,EX,2,37,17,2,705,0,1
10,6/27/2018,EX,2,38,18,1,NA,NA,0
10,6/27/2018,EX,2,39,19,1,630,0,1
10,6/27/2018,EX,2,39,19,2,390,0,1
10,6/27/2018,EX,2,39,19,3,633,0,1
10,6/27/2018,EX,2,40,20,1,203,1,1
11,7/1/2018,CO,0,1,1,1,674,0,1
11,7/1/2018,CO,0,1,1,2,617,0,1
11,7/1/2018,CO,0,2,2,1,495,0,1
11,7/1/2018,CO,0,3,3,1,630,0,1
11,7/1/2018,CO,0,3,3,2,592,0,1
11,7/1/2018,CO,0,4,4,1,521,0,1
11,7/1/2018,CO,0,5,5,1,658,0,1
11,7/1/2018,CO,0,6,6,1,610,0,1
11,7/1/2018,CO,0,6,6,2,747,0,1
11,7/1/2018,CO,0,7,7,1,702,0,1
11,7/1/2018,CO,0,8,8,1,NA,NA,NA
11,7/1/2018,CO,0,8,8,2,848,0,1
11,7/1/2018,CO,0,8,8,3,733,0,1
11,7/1/2018,CO,0,8,8,4,670,0,1
11,7/1/2018,CO,0,9,9,1,856,0,1
11,7/1/2018,CO,0,9,9,2,550,0,1
11,7/1/2018,CO,0,10,10,1,478,1,1
11,7/1/2018,CO,0,10,10,2,385,0,1
11,7/1/2018,CO,0,11,11,1,448,0,1
11,7/1/2018,CO,0,11,11,2,NA,NA,0
11,7/1/2018,CO,0,11,11,3,733,0,1
11,7/1/2018,CO,0,11,11,4,727,0,1
11,7/1/2018,CO,0,11,11,5,630,0,1
11,7/1/2018,CO,0,12,12,1,805,0,1
11,7/1/2018,CO,0,12,12,2,623,0,1
11,7/1/2018,CO,0,12,12,3,600,0,1
11,7/1/2018,CO,0,13,13,1,NA,NA,NA
11,7/1/2018,CO,0,13,13,2,702,0,1
11,7/1/2018,CO,0,13,13,3,722,0,1
11,7/1/2018,CO,0,13,13,4,710,0,1
11,7/1/2018,CO,0,13,13,5,720,0,1
11,7/1/2018,CO,0,14,14,1,688,0,1
11,7/1/2018,CO,0,15,15,1,745,0,1
11,7/1/2018,CO,0,15,15,2,668,0,1
11,7/1/2018,CO,0,16,16,1,738,0,1
11,7/1/2018,CO,0,16,16,2,590,0,1
11,7/1/2018,CO,0,17,17,1,770,0,1
11,7/1/2018,CO,0,17,17,2,744,0,1
11,7/1/2018,CO,0,17,17,3,753,0,1
11,7/1/2018,CO,0,18,18,1,641,0,1
11,7/1/2018,CO,0,18,18,2,545,0,1
11,7/1/2018,CO,0,18,18,3,794,0,1
11,7/1/2018,CO,0,19,19,1,542,0,1
11,7/1/2018,CO,0,19,19,2,646,0,1
11,7/1/2018,CO,0,20,20,1,330,0,1
11,7/1/2018,CO,0,20,20,2,512,0,1
11,7/1/2018,FL,1,41,1,1,602,0,1
11,7/1/2018,FL,1,41,1,2,889,0,1
11,7/1/2018,FL,1,42,2,1,760,0,1
11,7/1/2018,FL,1,42,2,2,727,0,1
11,7/1/2018,FL,1,42,2,3,670,0,1
11,7/1/2018,FL,1,42,2,4,843,0,1
11,7/1/2018,FL,1,42,2,5,890,0,1
11,7/1/2018,FL,1,43,3,1,625,0,1
11,7/1/2018,FL,1,44,4,1,540,0,1
11,7/1/2018,FL,1,44,4,2,616,0,1
11,7/1/2018,FL,1,44,4,3,575,0,1
11,7/1/2018,FL,1,44,4,4,222,0,1
11,7/1/2018,FL,1,44,4,5,430,0,1
11,7/1/2018,FL,1,45,5,1,615,0,1
11,7/1/2018,FL,1,45,5,2,608,0,1
11,7/1/2018,FL,1,46,6,1,502,0,1
11,7/1/2018,FL,1,47,7,1,593,0,1
11,7/1/2018,FL,1,48,8,1,682,0,1
11,7/1/2018,FL,1,49,9,1,580,0,1
11,7/1/2018,FL,1,49,9,2,745,0,1
11,7/1/2018,FL,1,49,9,3,NA,NA,0
11,7/1/2018,FL,1,50,10,1,502,0,1
11,7/1/2018,FL,1,50,10,2,400,0,1
11,7/1/2018,FL,1,50,10,3,582,0,1
11,7/1/2018,FL,1,50,10,4,598,0,1
11,7/1/2018,FL,1,50,10,5,590,0,1
11,7/1/2018,FL,1,51,11,1,511,0,1
11,7/1/2018,FL,1,51,11,2,567,0,1
11,7/1/2018,FL,1,51,11,3,620,0,1
11,7/1/2018,FL,1,51,11,4,648,0,1
11,7/1/2018,FL,1,51,11,5,545,0,1
11,7/1/2018,FL,1,52,12,1,362,0,1
11,7/1/2018,FL,1,52,12,2,790,0,1
11,7/1/2018,FL,1,52,12,3,738,0,1
11,7/1/2018,FL,1,53,13,1,512,0,1
11,7/1/2018,FL,1,53,13,2,695,1,1
11,7/1/2018,FL,1,53,13,3,800,0,1
11,7/1/2018,FL,1,53,13,4,NA,NA,0
11,7/1/2018,FL,1,54,14,1,602,0,1
11,7/1/2018,FL,1,54,14,2,658,1,1
11,7/1/2018,FL,1,55,15,1,592,0,1
11,7/1/2018,FL,1,55,15,2,633,0,1
11,7/1/2018,FL,1,56,16,1,695,1,1
11,7/1/2018,FL,1,56,16,2,NA,NA,0
11,7/1/2018,FL,1,56,16,3,770,0,1
11,7/1/2018,FL,1,56,16,4,311,0,1
11,7/1/2018,FL,1,57,17,1,693,0,1
11,7/1/2018,FL,1,57,17,2,740,0,1
11,7/1/2018,FL,1,57,17,3,722,0,1
11,7/1/2018,FL,1,57,17,4,748,0,1
11,7/1/2018,FL,1,58,18,1,763,0,1
11,7/1/2018,FL,1,58,18,2,710,0,1
11,7/1/2018,FL,1,58,18,3,478,0,1
11,7/1/2018,FL,1,58,18,4,483,0,1
11,7/1/2018,FL,1,59,19,1,NA,NA,1
11,7/1/2018,FL,1,60,20,1,NA,NA,0
11,7/1/2018,FL,1,60,20,2,655,0,1
11,7/1/2018,EX,2,21,1,1,522,0,1
11,7/1/2018,EX,2,21,1,2,NA,NA,1
11,7/1/2018,EX,2,22,2,1,NA,NA,0
11,7/1/2018,EX,2,22,2,2,705,0,1
11,7/1/2018,EX,2,23,3,1,300,0,1
11,7/1/2018,EX,2,24,4,1,NA,NA,1
11,7/1/2018,EX,2,25,5,1,648,0,1
11,7/1/2018,EX,2,25,5,2,240,0,1
11,7/1/2018,EX,2,26,6,1,390,0,1
11,7/1/2018,EX,2,26,6,2,263,0,1
11,7/1/2018,EX,2,27,7,1,230,0,1
11,7/1/2018,EX,2,28,8,1,NA,NA,0
11,7/1/2018,EX,2,28,8,2,332,0,1
11,7/1/2018,EX,2,28,8,3,300,0,1
11,7/1/2018,EX,2,29,9,1,NA,NA,0
11,7/1/2018,EX,2,29,9,2,793,0,1
11,7/1/2018,EX,2,29,9,3,NA,NA,0
11,7/1/2018,EX,2,29,9,4,NA,NA,0
11,7/1/2018,EX,2,30,10,1,NA,NA,0
11,7/1/2018,EX,2,30,10,2,547,0,1
11,7/1/2018,EX,2,30,10,3,593,0,1
11,7/1/2018,EX,2,30,10,4,NA,NA,0
11,7/1/2018,EX,2,30,10,5,334,0,1
11,7/1/2018,EX,2,31,11,1,616,0,1
11,7/1/2018,EX,2,31,11,2,NA,NA,0
11,7/1/2018,EX,2,32,12,1,NA,NA,0
11,7/1/2018,EX,2,32,12,2,NA,NA,0
11,7/1/2018,EX,2,32,12,3,118,0,1
11,7/1/2018,EX,2,32,12,4,642,0,1
11,7/1/2018,EX,2,33,13,1,470,0,1
11,7/1/2018,EX,2,33,13,2,517,0,1
11,7/1/2018,EX,2,34,14,1,458,0,1
11,7/1/2018,EX,2,35,15,1,NA,NA,0
11,7/1/2018,EX,2,35,15,2,610,0,1
11,7/1/2018,EX,2,36,16,1,408,0,1
11,7/1/2018,EX,2,37,17,1,478,0,1
11,7/1/2018,EX,2,37,17,2,710,0,1
11,7/1/2018,EX,2,38,18,1,NA,NA,0
11,7/1/2018,EX,2,39,19,1,680,0,1
11,7/1/2018,EX,2,39,19,2,325,0,1
11,7/1/2018,EX,2,39,19,3,623,0,1
11,7/1/2018,EX,2,40,20,1,152,0,1
12,7/4/2018,CO,0,1,1,1,695,0,1
12,7/4/2018,CO,0,1,1,2,634,0,1
12,7/4/2018,CO,0,2,2,1,596,0,1
12,7/4/2018,CO,0,3,3,1,629,0,1
12,7/4/2018,CO,0,3,3,2,609,0,1
12,7/4/2018,CO,0,4,4,1,530,0,1
12,7/4/2018,CO,0,5,5,1,665,0,1
12,7/4/2018,CO,0,6,6,1,610,0,1
12,7/4/2018,CO,0,6,6,2,750,0,1
12,7/4/2018,CO,0,7,7,1,703,0,1
12,7/4/2018,CO,0,8,8,1,NA,NA,NA
12,7/4/2018,CO,0,8,8,2,846,0,1
12,7/4/2018,CO,0,8,8,3,745,0,1
12,7/4/2018,CO,0,8,8,4,671,0,1
12,7/4/2018,CO,0,9,9,1,771,0,1
12,7/4/2018,CO,0,9,9,2,569,0,1
12,7/4/2018,CO,0,10,10,1,483,0,1
12,7/4/2018,CO,0,10,10,2,381,0,1
12,7/4/2018,CO,0,11,11,1,467,0,1
12,7/4/2018,CO,0,11,11,2,NA,NA,0
12,7/4/2018,CO,0,11,11,3,740,0,1
12,7/4/2018,CO,0,11,11,4,735,0,1
12,7/4/2018,CO,0,11,11,5,633,0,1
12,7/4/2018,CO,0,12,12,1,825,0,1
12,7/4/2018,CO,0,12,12,2,560,0,1
12,7/4/2018,CO,0,12,12,3,605,0,1
12,7/4/2018,CO,0,13,13,1,NA,NA,NA
12,7/4/2018,CO,0,13,13,2,733,0,1
12,7/4/2018,CO,0,13,13,3,727,0,1
12,7/4/2018,CO,0,13,13,4,720,0,1
12,7/4/2018,CO,0,13,13,5,735,0,1
12,7/4/2018,CO,0,14,14,1,715,0,1
12,7/4/2018,CO,0,15,15,1,755,0,1
12,7/4/2018,CO,0,15,15,2,700,0,1
12,7/4/2018,CO,0,16,16,1,775,0,1
12,7/4/2018,CO,0,16,16,2,603,0,1
12,7/4/2018,CO,0,17,17,1,780,0,1
12,7/4/2018,CO,0,17,17,2,775,0,1
12,7/4/2018,CO,0,17,17,3,770,0,1
12,7/4/2018,CO,0,18,18,1,676,0,1
12,7/4/2018,CO,0,18,18,2,570,0,1
12,7/4/2018,CO,0,18,18,3,793,0,1
12,7/4/2018,CO,0,19,19,1,530,0,1
12,7/4/2018,CO,0,19,19,2,652,0,1
12,7/4/2018,CO,0,20,20,1,500,0,1
12,7/4/2018,CO,0,20,20,2,365,0,1
12,7/4/2018,FL,1,41,1,1,605,0,1
12,7/4/2018,FL,1,41,1,2,863,0,1
12,7/4/2018,FL,1,42,2,1,763,0,1
12,7/4/2018,FL,1,42,2,2,750,0,1
12,7/4/2018,FL,1,42,2,3,663,0,1
12,7/4/2018,FL,1,42,2,4,850,0,1
12,7/4/2018,FL,1,42,2,5,894,0,1
12,7/4/2018,FL,1,43,3,1,632,0,1
12,7/4/2018,FL,1,44,4,1,530,0,1
12,7/4/2018,FL,1,44,4,2,607,0,1
12,7/4/2018,FL,1,44,4,3,573,0,1
12,7/4/2018,FL,1,44,4,4,165,0,1
12,7/4/2018,FL,1,44,4,5,440,0,1
12,7/4/2018,FL,1,45,5,1,609,0,1
12,7/4/2018,FL,1,45,5,2,608,0,1
12,7/4/2018,FL,1,46,6,1,485,1,1
12,7/4/2018,FL,1,47,7,1,564,0,1
12,7/4/2018,FL,1,48,8,1,711,0,1
12,7/4/2018,FL,1,49,9,1,580,0,1
12,7/4/2018,FL,1,49,9,2,763,0,1
12,7/4/2018,FL,1,49,9,3,NA,NA,0
12,7/4/2018,FL,1,50,10,1,602,0,1
12,7/4/2018,FL,1,50,10,2,411,0,1
12,7/4/2018,FL,1,50,10,3,600,0,1
12,7/4/2018,FL,1,50,10,4,606,0,1
12,7/4/2018,FL,1,50,10,5,597,0,1
12,7/4/2018,FL,1,51,11,1,535,0,1
12,7/4/2018,FL,1,51,11,2,575,0,1
12,7/4/2018,FL,1,51,11,3,642,0,1
12,7/4/2018,FL,1,51,11,4,673,0,1
12,7/4/2018,FL,1,51,11,5,560,0,1
12,7/4/2018,FL,1,52,12,1,373,0,1
12,7/4/2018,FL,1,52,12,2,786,0,1
12,7/4/2018,FL,1,52,12,3,760,0,1
12,7/4/2018,FL,1,53,13,1,510,0,1
12,7/4/2018,FL,1,53,13,2,720,0,1
12,7/4/2018,FL,1,53,13,3,810,0,1
12,7/4/2018,FL,1,53,13,4,NA,NA,0
12,7/4/2018,FL,1,54,14,1,605,0,1
12,7/4/2018,FL,1,54,14,2,680,1,1
12,7/4/2018,FL,1,55,15,1,610,1,1
12,7/4/2018,FL,1,55,15,2,640,0,1
12,7/4/2018,FL,1,56,16,1,727,0,1
12,7/4/2018,FL,1,56,16,2,NA,NA,0
12,7/4/2018,FL,1,56,16,3,797,0,1
12,7/4/2018,FL,1,56,16,4,323,0,1
12,7/4/2018,FL,1,57,17,1,705,0,1
12,7/4/2018,FL,1,57,17,2,750,0,1
12,7/4/2018,FL,1,57,17,3,730,0,1
12,7/4/2018,FL,1,57,17,4,753,0,1
12,7/4/2018,FL,1,58,18,1,770,0,1
12,7/4/2018,FL,1,58,18,2,723,0,1
12,7/4/2018,FL,1,58,18,3,478,0,1
12,7/4/2018,FL,1,58,18,4,496,0,1
12,7/4/2018,FL,1,59,19,1,755,0,1
12,7/4/2018,FL,1,60,20,1,NA,NA,0
12,7/4/2018,FL,1,60,20,2,667,0,1
12,7/4/2018,EX,2,21,1,1,546,0,1
12,7/4/2018,EX,2,21,1,2,310,0,1
12,7/4/2018,EX,2,22,2,1,NA,NA,0
12,7/4/2018,EX,2,22,2,2,720,0,1
12,7/4/2018,EX,2,23,3,1,298,0,1
12,7/4/2018,EX,2,24,4,1,403,0,1
12,7/4/2018,EX,2,25,5,1,554,0,1
12,7/4/2018,EX,2,25,5,2,256,0,1
12,7/4/2018,EX,2,26,6,1,384,0,1
12,7/4/2018,EX,2,26,6,2,261,0,1
12,7/4/2018,EX,2,27,7,1,229,0,1
12,7/4/2018,EX,2,28,8,1,NA,NA,0
12,7/4/2018,EX,2,28,8,2,364,0,1
12,7/4/2018,EX,2,28,8,3,263,0,1
12,7/4/2018,EX,2,29,9,1,NA,NA,0
12,7/4/2018,EX,2,29,9,2,802,0,1
12,7/4/2018,EX,2,29,9,3,NA,NA,0
12,7/4/2018,EX,2,29,9,4,NA,NA,0
12,7/4/2018,EX,2,30,10,1,NA,NA,0
12,7/4/2018,EX,2,30,10,2,568,0,1
12,7/4/2018,EX,2,30,10,3,596,0,1
12,7/4/2018,EX,2,30,10,4,NA,NA,0
12,7/4/2018,EX,2,30,10,5,342,0,1
12,7/4/2018,EX,2,31,11,1,NA,NA,0
12,7/4/2018,EX,2,31,11,2,NA,NA,0
12,7/4/2018,EX,2,32,12,1,NA,NA,0
12,7/4/2018,EX,2,32,12,2,NA,NA,0
12,7/4/2018,EX,2,32,12,3,NA,NA,0
12,7/4/2018,EX,2,32,12,4,665,0,1
12,7/4/2018,EX,2,33,13,1,475,0,1
12,7/4/2018,EX,2,33,13,2,542,0,1
12,7/4/2018,EX,2,34,14,1,470,0,1
12,7/4/2018,EX,2,35,15,1,NA,NA,0
12,7/4/2018,EX,2,35,15,2,633,0,1
12,7/4/2018,EX,2,36,16,1,450,0,1
12,7/4/2018,EX,2,37,17,1,482,1,1
12,7/4/2018,EX,2,37,17,2,726,0,1
12,7/4/2018,EX,2,38,18,1,NA,NA,0
12,7/4/2018,EX,2,39,19,1,680,0,1
12,7/4/2018,EX,2,39,19,2,492,0,1
12,7/4/2018,EX,2,39,19,3,640,0,1
12,7/4/2018,EX,2,40,20,1,NA,NA,0
13,7/7/2018,CO,0,1,1,1,676,1,1
13,7/7/2018,CO,0,1,1,2,589,0,1
13,7/7/2018,CO,0,2,2,1,471,0,1
13,7/7/2018,CO,0,3,3,1,626,0,1
13,7/7/2018,CO,0,3,3,2,573,0,1
13,7/7/2018,CO,0,4,4,1,514,0,1
13,7/7/2018,CO,0,5,5,1,621,0,1
13,7/7/2018,CO,0,6,6,1,559,0,1
13,7/7/2018,CO,0,6,6,2,749,0,1
13,7/7/2018,CO,0,7,7,1,696,0,1
13,7/7/2018,CO,0,8,8,1,NA,NA,NA
13,7/7/2018,CO,0,8,8,2,817,0,1
13,7/7/2018,CO,0,8,8,3,719,0,1
13,7/7/2018,CO,0,8,8,4,663,0,1
13,7/7/2018,CO,0,9,9,1,731,0,1
13,7/7/2018,CO,0,9,9,2,533,0,1
13,7/7/2018,CO,0,10,10,1,502,0,1
13,7/7/2018,CO,0,10,10,2,353,0,1
13,7/7/2018,CO,0,11,11,1,502,0,1
13,7/7/2018,CO,0,11,11,2,NA,NA,0
13,7/7/2018,CO,0,11,11,3,729,0,1
13,7/7/2018,CO,0,11,11,4,721,0,1
13,7/7/2018,CO,0,11,11,5,633,0,1
13,7/7/2018,CO,0,12,12,1,804,1,1
13,7/7/2018,CO,0,12,12,2,534,0,1
13,7/7/2018,CO,0,12,12,3,598,0,1
13,7/7/2018,CO,0,13,13,1,NA,NA,NA
13,7/7/2018,CO,0,13,13,2,705,0,1
13,7/7/2018,CO,0,13,13,3,726,1,1
13,7/7/2018,CO,0,13,13,4,671,0,1
13,7/7/2018,CO,0,13,13,5,724,0,1
13,7/7/2018,CO,0,14,14,1,666,0,1
13,7/7/2018,CO,0,15,15,1,735,0,1
13,7/7/2018,CO,0,15,15,2,767,0,1
13,7/7/2018,CO,0,16,16,1,736,0,1
13,7/7/2018,CO,0,16,16,2,592,0,1
13,7/7/2018,CO,0,17,17,1,772,0,1
13,7/7/2018,CO,0,17,17,2,765,0,1
13,7/7/2018,CO,0,17,17,3,751,0,1
13,7/7/2018,CO,0,18,18,1,653,0,1
13,7/7/2018,CO,0,18,18,2,562,0,1
13,7/7/2018,CO,0,18,18,3,774,0,1
13,7/7/2018,CO,0,19,19,1,524,0,1
13,7/7/2018,CO,0,19,19,2,639,0,1
13,7/7/2018,CO,0,20,20,1,494,0,1
13,7/7/2018,CO,0,20,20,2,339,0,1
13,7/7/2018,FL,1,41,1,1,598,0,1
13,7/7/2018,FL,1,41,1,2,851,1,1
13,7/7/2018,FL,1,42,2,1,761,0,1
13,7/7/2018,FL,1,42,2,2,729,0,1
13,7/7/2018,FL,1,42,2,3,678,0,1
13,7/7/2018,FL,1,42,2,4,819,0,1
13,7/7/2018,FL,1,42,2,5,881,0,1
13,7/7/2018,FL,1,43,3,1,621,0,1
13,7/7/2018,FL,1,44,4,1,526,0,1
13,7/7/2018,FL,1,44,4,2,578,0,1
13,7/7/2018,FL,1,44,4,3,568,1,1
13,7/7/2018,FL,1,44,4,4,NA,NA,0
13,7/7/2018,FL,1,44,4,5,385,0,1
13,7/7/2018,FL,1,45,5,1,602,1,1
13,7/7/2018,FL,1,45,5,2,519,0,1
13,7/7/2018,FL,1,46,6,1,487,0,1
13,7/7/2018,FL,1,47,7,1,NA,NA,0
13,7/7/2018,FL,1,48,8,1,691,0,1
13,7/7/2018,FL,1,49,9,1,569,0,1
13,7/7/2018,FL,1,49,9,2,741,0,1
13,7/7/2018,FL,1,49,9,3,NA,NA,0
13,7/7/2018,FL,1,50,10,1,596,0,1
13,7/7/2018,FL,1,50,10,2,414,0,1
13,7/7/2018,FL,1,50,10,3,601,0,1
13,7/7/2018,FL,1,50,10,4,591,0,1
13,7/7/2018,FL,1,50,10,5,581,0,1
13,7/7/2018,FL,1,51,11,1,508,0,1
13,7/7/2018,FL,1,51,11,2,564,0,1
13,7/7/2018,FL,1,51,11,3,618,0,1
13,7/7/2018,FL,1,51,11,4,631,0,1
13,7/7/2018,FL,1,51,11,5,543,0,1
13,7/7/2018,FL,1,52,12,1,367,0,1
13,7/7/2018,FL,1,52,12,2,774,0,1
13,7/7/2018,FL,1,52,12,3,736,0,1
13,7/7/2018,FL,1,53,13,1,519,0,1
13,7/7/2018,FL,1,53,13,2,704,0,1
13,7/7/2018,FL,1,53,13,3,803,0,1
13,7/7/2018,FL,1,53,13,4,NA,NA,0
13,7/7/2018,FL,1,54,14,1,578,0,1
13,7/7/2018,FL,1,54,14,2,662,0,1
13,7/7/2018,FL,1,55,15,1,559,0,1
13,7/7/2018,FL,1,55,15,2,622,0,1
13,7/7/2018,FL,1,56,16,1,683,0,1
13,7/7/2018,FL,1,56,16,2,NA,NA,0
13,7/7/2018,FL,1,56,16,3,787,0,1
13,7/7/2018,FL,1,56,16,4,319,0,1
13,7/7/2018,FL,1,57,17,1,679,0,1
13,7/7/2018,FL,1,57,17,2,719,0,1
13,7/7/2018,FL,1,57,17,3,721,0,1
13,7/7/2018,FL,1,57,17,4,743,0,1
13,7/7/2018,FL,1,58,18,1,749,0,1
13,7/7/2018,FL,1,58,18,2,718,0,1
13,7/7/2018,FL,1,58,18,3,476,0,1
13,7/7/2018,FL,1,58,18,4,471,0,1
13,7/7/2018,FL,1,59,19,1,755,0,1
13,7/7/2018,FL,1,60,20,1,NA,NA,0
13,7/7/2018,FL,1,60,20,2,648,0,1
13,7/7/2018,EX,2,21,1,1,554,0,1
13,7/7/2018,EX,2,21,1,2,276,0,1
13,7/7/2018,EX,2,22,2,1,NA,NA,0
13,7/7/2018,EX,2,22,2,2,692,0,1
13,7/7/2018,EX,2,23,3,1,298,0,1
13,7/7/2018,EX,2,24,4,1,375,0,1
13,7/7/2018,EX,2,25,5,1,543,0,1
13,7/7/2018,EX,2,25,5,2,254,0,1
13,7/7/2018,EX,2,26,6,1,362,0,1
13,7/7/2018,EX,2,26,6,2,256,0,1
13,7/7/2018,EX,2,27,7,1,219,0,1
13,7/7/2018,EX,2,28,8,1,NA,NA,0
13,7/7/2018,EX,2,28,8,2,351,0,1
13,7/7/2018,EX,2,28,8,3,263,0,1
13,7/7/2018,EX,2,29,9,1,NA,NA,0
13,7/7/2018,EX,2,29,9,2,786,0,1
13,7/7/2018,EX,2,29,9,3,NA,NA,0
13,7/7/2018,EX,2,29,9,4,NA,NA,0
13,7/7/2018,EX,2,30,10,1,NA,NA,0
13,7/7/2018,EX,2,30,10,2,531,0,1
13,7/7/2018,EX,2,30,10,3,588,0,1
13,7/7/2018,EX,2,30,10,4,NA,NA,0
13,7/7/2018,EX,2,30,10,5,332,0,1
13,7/7/2018,EX,2,31,11,1,NA,NA,0
13,7/7/2018,EX,2,31,11,2,NA,NA,0
13,7/7/2018,EX,2,32,12,1,NA,NA,0
13,7/7/2018,EX,2,32,12,2,NA,NA,0
13,7/7/2018,EX,2,32,12,3,NA,NA,0
13,7/7/2018,EX,2,32,12,4,638,0,1
13,7/7/2018,EX,2,33,13,1,478,0,1
13,7/7/2018,EX,2,33,13,2,520,0,1
13,7/7/2018,EX,2,34,14,1,456,0,1
13,7/7/2018,EX,2,35,15,1,NA,NA,0
13,7/7/2018,EX,2,35,15,2,618,0,1
13,7/7/2018,EX,2,36,16,1,439,0,1
13,7/7/2018,EX,2,37,17,1,469,0,1
13,7/7/2018,EX,2,37,17,2,NA,NA,0
13,7/7/2018,EX,2,38,18,1,NA,NA,0
13,7/7/2018,EX,2,39,19,1,668,0,1
13,7/7/2018,EX,2,39,19,2,345,0,1
13,7/7/2018,EX,2,39,19,3,NA,NA,0
13,7/7/2018,EX,2,40,20,1,NA,NA,0
14,7/11/2018,CO,0,1,1,1,662,0,1
14,7/11/2018,CO,0,1,1,2,610,0,1
14,7/11/2018,CO,0,2,2,1,490,1,1
14,7/11/2018,CO,0,3,3,1,620,0,1
14,7/11/2018,CO,0,3,3,2,580,0,1
14,7/11/2018,CO,0,4,4,1,540,0,1
14,7/11/2018,CO,0,5,5,1,655,1,1
14,7/11/2018,CO,0,6,6,1,590,0,1
14,7/11/2018,CO,0,6,6,2,750,0,1
14,7/11/2018,CO,0,7,7,1,570,0,1
14,7/11/2018,CO,0,8,8,1,NA,NA,NA
14,7/11/2018,CO,0,8,8,2,835,0,1
14,7/11/2018,CO,0,8,8,3,730,1,1
14,7/11/2018,CO,0,8,8,4,650,0,1
14,7/11/2018,CO,0,9,9,1,730,0,1
14,7/11/2018,CO,0,9,9,2,540,0,1
14,7/11/2018,CO,0,10,10,1,NA,NA,1
14,7/11/2018,CO,0,10,10,2,NA,NA,1
14,7/11/2018,CO,0,11,11,1,520,0,1
14,7/11/2018,CO,0,11,11,2,NA,NA,0
14,7/11/2018,CO,0,11,11,3,746,0,1
14,7/11/2018,CO,0,11,11,4,745,0,1
14,7/11/2018,CO,0,11,11,5,640,0,1
14,7/11/2018,CO,0,12,12,1,820,0,1
14,7/11/2018,CO,0,12,12,2,562,0,1
14,7/11/2018,CO,0,12,12,3,605,0,1
14,7/11/2018,CO,0,13,13,1,NA,NA,NA
14,7/11/2018,CO,0,13,13,2,730,0,1
14,7/11/2018,CO,0,13,13,3,735,0,1
14,7/11/2018,CO,0,13,13,4,730,0,1
14,7/11/2018,CO,0,13,13,5,733,0,1
14,7/11/2018,CO,0,14,14,1,712,0,1
14,7/11/2018,CO,0,15,15,1,760,0,1
14,7/11/2018,CO,0,15,15,2,696,0,1
14,7/11/2018,CO,0,16,16,1,755,0,1
14,7/11/2018,CO,0,16,16,2,602,0,1
14,7/11/2018,CO,0,17,17,1,780,0,1
14,7/11/2018,CO,0,17,17,2,775,0,1
14,7/11/2018,CO,0,17,17,3,768,0,1
14,7/11/2018,CO,0,18,18,1,670,0,1
14,7/11/2018,CO,0,18,18,2,575,0,1
14,7/11/2018,CO,0,18,18,3,780,0,1
14,7/11/2018,CO,0,19,19,1,530,0,1
14,7/11/2018,CO,0,19,19,2,655,0,1
14,7/11/2018,CO,0,20,20,1,505,0,1
14,7/11/2018,CO,0,20,20,2,365,0,1
14,7/11/2018,FL,1,41,1,1,600,1,1
14,7/11/2018,FL,1,41,1,2,865,0,1
14,7/11/2018,FL,1,42,2,1,780,0,1
14,7/11/2018,FL,1,42,2,2,755,0,1
14,7/11/2018,FL,1,42,2,3,655,0,1
14,7/11/2018,FL,1,42,2,4,872,0,1
14,7/11/2018,FL,1,42,2,5,910,0,1
14,7/11/2018,FL,1,43,3,1,650,0,1
14,7/11/2018,FL,1,44,4,1,525,0,1
14,7/11/2018,FL,1,44,4,2,605,0,1
14,7/11/2018,FL,1,44,4,3,575,0,1
14,7/11/2018,FL,1,44,4,4,NA,NA,0
14,7/11/2018,FL,1,44,4,5,370,0,1
14,7/11/2018,FL,1,45,5,1,615,0,1
14,7/11/2018,FL,1,45,5,2,600,0,1
14,7/11/2018,FL,1,46,6,1,485,0,1
14,7/11/2018,FL,1,47,7,1,NA,NA,0
14,7/11/2018,FL,1,48,8,1,705,1,1
14,7/11/2018,FL,1,49,9,1,743,0,1
14,7/11/2018,FL,1,49,9,2,660,1,1
14,7/11/2018,FL,1,49,9,3,NA,NA,0
14,7/11/2018,FL,1,50,10,1,590,0,1
14,7/11/2018,FL,1,50,10,2,380,0,1
14,7/11/2018,FL,1,50,10,3,585,0,1
14,7/11/2018,FL,1,50,10,4,515,0,1
14,7/11/2018,FL,1,50,10,5,580,0,1
14,7/11/2018,FL,1,51,11,1,530,0,1
14,7/11/2018,FL,1,51,11,2,580,0,1
14,7/11/2018,FL,1,51,11,3,650,0,1
14,7/11/2018,FL,1,51,11,4,675,0,1
14,7/11/2018,FL,1,51,11,5,557,0,1
14,7/11/2018,FL,1,52,12,1,373,0,1
14,7/11/2018,FL,1,52,12,2,806,0,1
14,7/11/2018,FL,1,52,12,3,760,0,1
14,7/11/2018,FL,1,53,13,1,530,0,1
14,7/11/2018,FL,1,53,13,2,715,0,1
14,7/11/2018,FL,1,53,13,3,804,0,1
14,7/11/2018,FL,1,53,13,4,NA,NA,0
14,7/11/2018,FL,1,54,14,1,602,0,1
14,7/11/2018,FL,1,54,14,2,690,0,1
14,7/11/2018,FL,1,55,15,1,608,0,1
14,7/11/2018,FL,1,55,15,2,643,0,1
14,7/11/2018,FL,1,56,16,1,720,0,1
14,7/11/2018,FL,1,56,16,2,NA,NA,0
14,7/11/2018,FL,1,56,16,3,790,0,1
14,7/11/2018,FL,1,56,16,4,320,0,1
14,7/11/2018,FL,1,57,17,1,700,0,1
14,7/11/2018,FL,1,57,17,2,745,0,1
14,7/11/2018,FL,1,57,17,3,733,0,1
14,7/11/2018,FL,1,57,17,4,750,0,1
14,7/11/2018,FL,1,58,18,1,767,0,1
14,7/11/2018,FL,1,58,18,2,730,0,1
14,7/11/2018,FL,1,58,18,3,480,0,1
14,7/11/2018,FL,1,58,18,4,490,1,1
14,7/11/2018,FL,1,59,19,1,762,1,1
14,7/11/2018,FL,1,60,20,1,NA,NA,0
14,7/11/2018,FL,1,60,20,2,665,0,1
14,7/11/2018,EX,2,21,1,1,550,0,1
14,7/11/2018,EX,2,21,1,2,325,0,1
14,7/11/2018,EX,2,22,2,1,NA,NA,0
14,7/11/2018,EX,2,22,2,2,700,0,1
14,7/11/2018,EX,2,23,3,1,290,0,1
14,7/11/2018,EX,2,24,4,1,470,0,1
14,7/11/2018,EX,2,25,5,1,565,0,1
14,7/11/2018,EX,2,25,5,2,245,0,1
14,7/11/2018,EX,2,26,6,1,370,0,1
14,7/11/2018,EX,2,26,6,2,270,0,1
14,7/11/2018,EX,2,27,7,1,235,0,1
14,7/11/2018,EX,2,28,8,1,NA,NA,0
14,7/11/2018,EX,2,28,8,2,385,0,1
14,7/11/2018,EX,2,28,8,3,NA,NA,0
14,7/11/2018,EX,2,29,9,1,NA,NA,0
14,7/11/2018,EX,2,29,9,2,760,0,1
14,7/11/2018,EX,2,29,9,3,NA,NA,0
14,7/11/2018,EX,2,29,9,4,NA,NA,0
14,7/11/2018,EX,2,30,10,1,NA,NA,0
14,7/11/2018,EX,2,30,10,2,562,1,1
14,7/11/2018,EX,2,30,10,3,605,0,1
14,7/11/2018,EX,2,30,10,4,NA,NA,0
14,7/11/2018,EX,2,30,10,5,362,0,1
14,7/11/2018,EX,2,31,11,1,NA,NA,0
14,7/11/2018,EX,2,31,11,2,NA,NA,0
14,7/11/2018,EX,2,32,12,1,NA,NA,0
14,7/11/2018,EX,2,32,12,2,NA,NA,0
14,7/11/2018,EX,2,32,12,3,NA,NA,0
14,7/11/2018,EX,2,32,12,4,690,0,1
14,7/11/2018,EX,2,33,13,1,478,0,1
14,7/11/2018,EX,2,33,13,2,550,0,1
14,7/11/2018,EX,2,34,14,1,460,0,1
14,7/11/2018,EX,2,35,15,1,NA,NA,0
14,7/11/2018,EX,2,35,15,2,626,0,1
14,7/11/2018,EX,2,36,16,1,455,0,1
14,7/11/2018,EX,2,37,17,1,480,0,1
14,7/11/2018,EX,2,37,17,2,NA,NA,0
14,7/11/2018,EX,2,38,18,1,NA,NA,0
14,7/11/2018,EX,2,39,19,1,687,0,1
14,7/11/2018,EX,2,39,19,2,500,0,1
14,7/11/2018,EX,2,39,19,3,NA,NA,0
14,7/11/2018,EX,2,40,20,1,NA,NA,0
15,7/15/2018,CO,0,1,1,1,692,1,1
15,7/15/2018,CO,0,1,1,2,630,0,1
15,7/15/2018,CO,0,2,2,1,480,0,1
15,7/15/2018,CO,0,3,3,1,638,0,1
15,7/15/2018,CO,0,3,3,2,562,1,1
15,7/15/2018,CO,0,4,4,1,528,0,1
15,7/15/2018,CO,0,5,5,1,648,0,1
15,7/15/2018,CO,0,6,6,1,618,0,1
15,7/15/2018,CO,0,6,6,2,645,0,1
15,7/15/2018,CO,0,7,7,1,675,0,1
15,7/15/2018,CO,0,8,8,1,NA,NA,NA
15,7/15/2018,CO,0,8,8,2,847,0,1
15,7/15/2018,CO,0,8,8,3,753,0,1
15,7/15/2018,CO,0,8,8,4,660,0,1
15,7/15/2018,CO,0,9,9,1,745,0,1
15,7/15/2018,CO,0,9,9,2,562,0,1
15,7/15/2018,CO,0,10,10,1,505,0,1
15,7/15/2018,CO,0,10,10,2,362,0,1
15,7/15/2018,CO,0,11,11,1,460,0,1
15,7/15/2018,CO,0,11,11,2,NA,NA,0
15,7/15/2018,CO,0,11,11,3,740,0,1
15,7/15/2018,CO,0,11,11,4,728,0,1
15,7/15/2018,CO,0,11,11,5,645,0,1
15,7/15/2018,CO,0,12,12,1,812,0,1
15,7/15/2018,CO,0,12,12,2,550,0,1
15,7/15/2018,CO,0,12,12,3,583,0,1
15,7/15/2018,CO,0,13,13,1,NA,NA,NA
15,7/15/2018,CO,0,13,13,2,688,1,1
15,7/15/2018,CO,0,13,13,3,722,0,1
15,7/15/2018,CO,0,13,13,4,710,0,1
15,7/15/2018,CO,0,13,13,5,703,1,1
15,7/15/2018,CO,0,14,14,1,692,0,1
15,7/15/2018,CO,0,15,15,1,752,0,1
15,7/15/2018,CO,0,15,15,2,682,0,1
15,7/15/2018,CO,0,16,16,1,745,1,1
15,7/15/2018,CO,0,16,16,2,592,0,1
15,7/15/2018,CO,0,17,17,1,765,0,1
15,7/15/2018,CO,0,17,17,2,760,0,1
15,7/15/2018,CO,0,17,17,3,763,0,1
15,7/15/2018,CO,0,18,18,1,643,0,1
15,7/15/2018,CO,0,18,18,2,550,0,1
15,7/15/2018,CO,0,18,18,3,782,0,1
15,7/15/2018,CO,0,19,19,1,530,0,1
15,7/15/2018,CO,0,19,19,2,643,0,1
15,7/15/2018,CO,0,20,20,1,502,0,1
15,7/15/2018,CO,0,20,20,2,340,0,1
15,7/15/2018,FL,1,41,1,1,603,0,1
15,7/15/2018,FL,1,41,1,2,880,0,1
15,7/15/2018,FL,1,42,2,1,790,0,1
15,7/15/2018,FL,1,42,2,2,755,0,1
15,7/15/2018,FL,1,42,2,3,605,0,1
15,7/15/2018,FL,1,42,2,4,873,0,1
15,7/15/2018,FL,1,42,2,5,930,0,1
15,7/15/2018,FL,1,43,3,1,628,0,1
15,7/15/2018,FL,1,44,4,1,525,0,1
15,7/15/2018,FL,1,44,4,2,574,0,1
15,7/15/2018,FL,1,44,4,3,620,0,1
15,7/15/2018,FL,1,44,4,4,NA,NA,0
15,7/15/2018,FL,1,44,4,5,437,0,1
15,7/15/2018,FL,1,45,5,1,615,0,1
15,7/15/2018,FL,1,45,5,2,612,0,1
15,7/15/2018,FL,1,46,6,1,490,0,1
15,7/15/2018,FL,1,47,7,1,NA,NA,0
15,7/15/2018,FL,1,48,8,1,NA,NA,1
15,7/15/2018,FL,1,49,9,1,588,0,1
15,7/15/2018,FL,1,49,9,2,762,0,1
15,7/15/2018,FL,1,49,9,3,NA,NA,0
15,7/15/2018,FL,1,50,10,1,603,0,1
15,7/15/2018,FL,1,50,10,2,402,0,1
15,7/15/2018,FL,1,50,10,3,573,0,1
15,7/15/2018,FL,1,50,10,4,606,0,1
15,7/15/2018,FL,1,50,10,5,795,0,1
15,7/15/2018,FL,1,51,11,1,487,0,1
15,7/15/2018,FL,1,51,11,2,510,0,1
15,7/15/2018,FL,1,51,11,3,623,0,1
15,7/15/2018,FL,1,51,11,4,655,0,1
15,7/15/2018,FL,1,51,11,5,542,0,1
15,7/15/2018,FL,1,52,12,1,370,0,1
15,7/15/2018,FL,1,52,12,2,792,1,1
15,7/15/2018,FL,1,52,12,3,738,0,1
15,7/15/2018,FL,1,53,13,1,505,0,1
15,7/15/2018,FL,1,53,13,2,708,0,1
15,7/15/2018,FL,1,53,13,3,806,0,1
15,7/15/2018,FL,1,53,13,4,NA,NA,0
15,7/15/2018,FL,1,54,14,1,593,0,1
15,7/15/2018,FL,1,54,14,2,676,0,1
15,7/15/2018,FL,1,55,15,1,595,0,1
15,7/15/2018,FL,1,55,15,2,642,0,1
15,7/15/2018,FL,1,56,16,1,687,1,1
15,7/15/2018,FL,1,56,16,2,NA,NA,0
15,7/15/2018,FL,1,56,16,3,780,0,1
15,7/15/2018,FL,1,56,16,4,308,0,1
15,7/15/2018,FL,1,57,17,1,695,0,1
15,7/15/2018,FL,1,57,17,2,738,0,1
15,7/15/2018,FL,1,57,17,3,717,1,1
15,7/15/2018,FL,1,57,17,4,736,1,1
15,7/15/2018,FL,1,58,18,1,760,0,1
15,7/15/2018,FL,1,58,18,2,728,0,1
15,7/15/2018,FL,1,58,18,3,465,0,1
15,7/15/2018,FL,1,58,18,4,480,0,1
15,7/15/2018,FL,1,59,19,1,NA,NA,1
15,7/15/2018,FL,1,60,20,1,NA,NA,0
15,7/15/2018,FL,1,60,20,2,625,0,1
15,7/15/2018,EX,2,21,1,1,563,0,1
15,7/15/2018,EX,2,21,1,2,325,0,1
15,7/15/2018,EX,2,22,2,1,NA,NA,0
15,7/15/2018,EX,2,22,2,2,703,0,1
15,7/15/2018,EX,2,23,3,1,292,0,1
15,7/15/2018,EX,2,24,4,1,378,0,1
15,7/15/2018,EX,2,25,5,1,565,0,1
15,7/15/2018,EX,2,25,5,2,283,0,1
15,7/15/2018,EX,2,26,6,1,397,0,1
15,7/15/2018,EX,2,26,6,2,242,0,1
15,7/15/2018,EX,2,27,7,1,NA,NA,0
15,7/15/2018,EX,2,28,8,1,NA,NA,0
15,7/15/2018,EX,2,28,8,2,390,0,1
15,7/15/2018,EX,2,28,8,3,NA,NA,0
15,7/15/2018,EX,2,29,9,1,NA,NA,0
15,7/15/2018,EX,2,29,9,2,803,0,1
15,7/15/2018,EX,2,29,9,3,NA,NA,0
15,7/15/2018,EX,2,29,9,4,NA,NA,0
15,7/15/2018,EX,2,30,10,1,NA,NA,0
15,7/15/2018,EX,2,30,10,2,560,0,1
15,7/15/2018,EX,2,30,10,3,605,0,1
15,7/15/2018,EX,2,30,10,4,NA,NA,0
15,7/15/2018,EX,2,30,10,5,360,0,1
15,7/15/2018,EX,2,31,11,1,NA,NA,0
15,7/15/2018,EX,2,31,11,2,NA,NA,0
15,7/15/2018,EX,2,32,12,1,NA,NA,0
15,7/15/2018,EX,2,32,12,2,NA,NA,0
15,7/15/2018,EX,2,32,12,3,NA,NA,0
15,7/15/2018,EX,2,32,12,4,693,0,1
15,7/15/2018,EX,2,33,13,1,475,0,1
15,7/15/2018,EX,2,33,13,2,532,0,1
15,7/15/2018,EX,2,34,14,1,NA,NA,0
15,7/15/2018,EX,2,35,15,1,NA,NA,0
15,7/15/2018,EX,2,35,15,2,618,0,1
15,7/15/2018,EX,2,36,16,1,462,0,1
15,7/15/2018,EX,2,37,17,1,672,0,1
15,7/15/2018,EX,2,37,17,2,NA,NA,0
15,7/15/2018,EX,2,38,18,1,NA,NA,0
15,7/15/2018,EX,2,39,19,1,792,0,1
15,7/15/2018,EX,2,39,19,2,NA,NA,1
15,7/15/2018,EX,2,39,19,3,NA,NA,0
15,7/15/2018,EX,2,40,20,1,NA,NA,0
16,7/18/2018,CO,0,1,1,1,693,0,1
16,7/18/2018,CO,0,1,1,2,607,0,1
16,7/18/2018,CO,0,2,2,1,481,0,1
16,7/18/2018,CO,0,3,3,1,640,0,1
16,7/18/2018,CO,0,3,3,2,604,0,1
16,7/18/2018,CO,0,4,4,1,536,0,1
16,7/18/2018,CO,0,5,5,1,670,1,1
16,7/18/2018,CO,0,6,6,1,614,0,1
16,7/18/2018,CO,0,6,6,2,750,0,1
16,7/18/2018,CO,0,7,7,1,689,0,1
16,7/18/2018,CO,0,8,8,1,NA,NA,NA
16,7/18/2018,CO,0,8,8,2,845,0,1
16,7/18/2018,CO,0,8,8,3,665,0,1
16,7/18/2018,CO,0,8,8,4,740,0,1
16,7/18/2018,CO,0,9,9,1,773,0,1
16,7/18/2018,CO,0,9,9,2,570,0,1
16,7/18/2018,CO,0,10,10,1,635,0,1
16,7/18/2018,CO,0,10,10,2,537,0,1
16,7/18/2018,CO,0,11,11,1,545,0,1
16,7/18/2018,CO,0,11,11,2,NA,NA,0
16,7/18/2018,CO,0,11,11,3,755,0,1
16,7/18/2018,CO,0,11,11,4,735,0,1
16,7/18/2018,CO,0,11,11,5,645,0,1
16,7/18/2018,CO,0,12,12,1,825,0,1
16,7/18/2018,CO,0,12,12,2,560,0,1
16,7/18/2018,CO,0,12,12,3,600,0,1
16,7/18/2018,CO,0,13,13,1,NA,NA,NA
16,7/18/2018,CO,0,13,13,2,730,0,1
16,7/18/2018,CO,0,13,13,3,735,0,1
16,7/18/2018,CO,0,13,13,4,734,0,1
16,7/18/2018,CO,0,13,13,5,745,0,1
16,7/18/2018,CO,0,14,14,1,702,1,1
16,7/18/2018,CO,0,15,15,1,758,0,1
16,7/18/2018,CO,0,15,15,2,700,0,1
16,7/18/2018,CO,0,16,16,1,763,0,1
16,7/18/2018,CO,0,16,16,2,597,1,1
16,7/18/2018,CO,0,17,17,1,785,0,1
16,7/18/2018,CO,0,17,17,2,774,0,1
16,7/18/2018,CO,0,17,17,3,785,0,1
16,7/18/2018,CO,0,18,18,1,677,1,1
16,7/18/2018,CO,0,18,18,2,575,0,1
16,7/18/2018,CO,0,18,18,3,800,0,1
16,7/18/2018,CO,0,19,19,1,535,0,1
16,7/18/2018,CO,0,19,19,2,660,0,1
16,7/18/2018,CO,0,20,20,1,540,0,1
16,7/18/2018,CO,0,20,20,2,363,0,1
16,7/18/2018,FL,1,41,1,1,600,0,1
16,7/18/2018,FL,1,41,1,2,871,0,1
16,7/18/2018,FL,1,42,2,1,812,0,1
16,7/18/2018,FL,1,42,2,2,761,1,1
16,7/18/2018,FL,1,42,2,3,622,0,1
16,7/18/2018,FL,1,42,2,4,885,0,1
16,7/18/2018,FL,1,42,2,5,932,0,1
16,7/18/2018,FL,1,43,3,1,627,0,1
16,7/18/2018,FL,1,44,4,1,525,0,1
16,7/18/2018,FL,1,44,4,2,622,0,1
16,7/18/2018,FL,1,44,4,3,584,0,1
16,7/18/2018,FL,1,44,4,4,NA,NA,0
16,7/18/2018,FL,1,44,4,5,441,0,1
16,7/18/2018,FL,1,45,5,1,611,0,1
16,7/18/2018,FL,1,45,5,2,607,0,1
16,7/18/2018,FL,1,46,6,1,488,0,1
16,7/18/2018,FL,1,47,7,1,NA,NA,0
16,7/18/2018,FL,1,48,8,1,692,0,1
16,7/18/2018,FL,1,49,9,1,594,0,1
16,7/18/2018,FL,1,49,9,2,751,0,1
16,7/18/2018,FL,1,49,9,3,NA,NA,0
16,7/18/2018,FL,1,50,10,1,616,0,1
16,7/18/2018,FL,1,50,10,2,413,0,1
16,7/18/2018,FL,1,50,10,3,605,0,1
16,7/18/2018,FL,1,50,10,4,604,0,1
16,7/18/2018,FL,1,50,10,5,598,0,1
16,7/18/2018,FL,1,51,11,1,536,0,1
16,7/18/2018,FL,1,51,11,2,580,0,1
16,7/18/2018,FL,1,51,11,3,650,0,1
16,7/18/2018,FL,1,51,11,4,677,0,1
16,7/18/2018,FL,1,51,11,5,565,0,1
16,7/18/2018,FL,1,52,12,1,370,0,1
16,7/18/2018,FL,1,52,12,2,810,0,1
16,7/18/2018,FL,1,52,12,3,760,0,1
16,7/18/2018,FL,1,53,13,1,535,0,1
16,7/18/2018,FL,1,53,13,2,730,0,1
16,7/18/2018,FL,1,53,13,3,812,0,1
16,7/18/2018,FL,1,53,13,4,NA,NA,0
16,7/18/2018,FL,1,54,14,1,608,0,1
16,7/18/2018,FL,1,54,14,2,700,0,1
16,7/18/2018,FL,1,55,15,1,640,0,1
16,7/18/2018,FL,1,55,15,2,610,0,1
16,7/18/2018,FL,1,56,16,1,730,0,1
16,7/18/2018,FL,1,56,16,2,NA,NA,0
16,7/18/2018,FL,1,56,16,3,803,0,1
16,7/18/2018,FL,1,56,16,4,335,0,1
16,7/18/2018,FL,1,57,17,1,711,0,1
16,7/18/2018,FL,1,57,17,2,752,0,1
16,7/18/2018,FL,1,57,17,3,740,0,1
16,7/18/2018,FL,1,57,17,4,754,1,1
16,7/18/2018,FL,1,58,18,1,775,0,1
16,7/18/2018,FL,1,58,18,2,730,0,1
16,7/18/2018,FL,1,58,18,3,490,0,1
16,7/18/2018,FL,1,58,18,4,502,0,1
16,7/18/2018,FL,1,59,19,1,782,0,1
16,7/18/2018,FL,1,60,20,1,NA,NA,0
16,7/18/2018,FL,1,60,20,2,685,0,1
16,7/18/2018,EX,2,21,1,1,567,0,1
16,7/18/2018,EX,2,21,1,2,296,0,1
16,7/18/2018,EX,2,22,2,1,NA,NA,0
16,7/18/2018,EX,2,22,2,2,710,1,1
16,7/18/2018,EX,2,23,3,1,266,0,1
16,7/18/2018,EX,2,24,4,1,383,0,1
16,7/18/2018,EX,2,25,5,1,598,0,1
16,7/18/2018,EX,2,25,5,2,283,0,1
16,7/18/2018,EX,2,26,6,1,380,0,1
16,7/18/2018,EX,2,26,6,2,250,0,1
16,7/18/2018,EX,2,27,7,1,NA,NA,0
16,7/18/2018,EX,2,28,8,1,NA,NA,0
16,7/18/2018,EX,2,28,8,2,379,0,1
16,7/18/2018,EX,2,28,8,3,NA,NA,0
16,7/18/2018,EX,2,29,9,1,NA,NA,0
16,7/18/2018,EX,2,29,9,2,386,0,1
16,7/18/2018,EX,2,29,9,3,NA,NA,0
16,7/18/2018,EX,2,29,9,4,NA,NA,0
16,7/18/2018,EX,2,30,10,1,NA,NA,0
16,7/18/2018,EX,2,30,10,2,550,0,1
16,7/18/2018,EX,2,30,10,3,594,0,1
16,7/18/2018,EX,2,30,10,4,NA,NA,0
16,7/18/2018,EX,2,30,10,5,330,0,1
16,7/18/2018,EX,2,31,11,1,NA,NA,0
16,7/18/2018,EX,2,31,11,2,NA,NA,0
16,7/18/2018,EX,2,32,12,1,NA,NA,0
16,7/18/2018,EX,2,32,12,2,NA,NA,0
16,7/18/2018,EX,2,32,12,3,NA,NA,0
16,7/18/2018,EX,2,32,12,4,702,0,1
16,7/18/2018,EX,2,33,13,1,480,0,1
16,7/18/2018,EX,2,33,13,2,555,0,1
16,7/18/2018,EX,2,34,14,1,NA,NA,0
16,7/18/2018,EX,2,35,15,1,NA,NA,0
16,7/18/2018,EX,2,35,15,2,630,0,1
16,7/18/2018,EX,2,36,16,1,482,0,1
16,7/18/2018,EX,2,37,17,1,485,0,1
16,7/18/2018,EX,2,37,17,2,NA,NA,0
16,7/18/2018,EX,2,38,18,1,NA,NA,0
16,7/18/2018,EX,2,39,19,1,687,0,1
16,7/18/2018,EX,2,39,19,2,NA,NA,0
16,7/18/2018,EX,2,39,19,3,NA,NA,0
16,7/18/2018,EX,2,40,20,1,NA,NA,0
17,7/22/2018,CO,0,1,1,1,696,0,1
17,7/22/2018,CO,0,1,1,2,630,0,1
17,7/22/2018,CO,0,2,2,1,500,0,1
17,7/22/2018,CO,0,3,3,1,670,0,1
17,7/22/2018,CO,0,3,3,2,605,0,1
17,7/22/2018,CO,0,4,4,1,540,0,1
17,7/22/2018,CO,0,5,5,1,675,0,1
17,7/22/2018,CO,0,6,6,1,610,0,1
17,7/22/2018,CO,0,6,6,2,760,0,1
17,7/22/2018,CO,0,7,7,1,700,0,1
17,7/22/2018,CO,0,8,8,1,NA,NA,NA
17,7/22/2018,CO,0,8,8,2,850,0,1
17,7/22/2018,CO,0,8,8,3,750,0,1
17,7/22/2018,CO,0,8,8,4,775,0,1
17,7/22/2018,CO,0,9,9,1,752,0,1
17,7/22/2018,CO,0,9,9,2,550,0,1
17,7/22/2018,CO,0,10,10,1,575,0,1
17,7/22/2018,CO,0,10,10,2,360,0,1
17,7/22/2018,CO,0,11,11,1,545,0,1
17,7/22/2018,CO,0,11,11,2,NA,NA,0
17,7/22/2018,CO,0,11,11,3,750,0,1
17,7/22/2018,CO,0,11,11,4,742,0,1
17,7/22/2018,CO,0,11,11,5,638,0,1
17,7/22/2018,CO,0,12,12,1,825,0,1
17,7/22/2018,CO,0,12,12,2,560,0,1
17,7/22/2018,CO,0,12,12,3,605,0,1
17,7/22/2018,CO,0,13,13,1,NA,NA,NA
17,7/22/2018,CO,0,13,13,2,720,0,1
17,7/22/2018,CO,0,13,13,3,730,0,1
17,7/22/2018,CO,0,13,13,4,723,0,1
17,7/22/2018,CO,0,13,13,5,715,0,1
17,7/22/2018,CO,0,14,14,1,705,0,1
17,7/22/2018,CO,0,15,15,1,757,0,1
17,7/22/2018,CO,0,15,15,2,690,0,1
17,7/22/2018,CO,0,16,16,1,760,1,1
17,7/22/2018,CO,0,16,16,2,600,0,1
17,7/22/2018,CO,0,17,17,1,787,0,1
17,7/22/2018,CO,0,17,17,2,780,0,1
17,7/22/2018,CO,0,17,17,3,765,0,1
17,7/22/2018,CO,0,18,18,1,675,0,1
17,7/22/2018,CO,0,18,18,2,570,0,1
17,7/22/2018,CO,0,18,18,3,790,0,1
17,7/22/2018,CO,0,19,19,1,530,0,1
17,7/22/2018,CO,0,19,19,2,653,0,1
17,7/22/2018,CO,0,20,20,1,520,0,1
17,7/22/2018,CO,0,20,20,2,347,0,1
17,7/22/2018,FL,1,41,1,1,610,0,1
17,7/22/2018,FL,1,41,1,2,840,0,1
17,7/22/2018,FL,1,42,2,1,834,0,1
17,7/22/2018,FL,1,42,2,2,765,0,1
17,7/22/2018,FL,1,42,2,3,620,0,1
17,7/22/2018,FL,1,42,2,4,835,0,1
17,7/22/2018,FL,1,42,2,5,913,0,1
17,7/22/2018,FL,1,43,3,1,632,0,1
17,7/22/2018,FL,1,44,4,1,530,0,1
17,7/22/2018,FL,1,44,4,2,625,0,1
17,7/22/2018,FL,1,44,4,3,610,0,1
17,7/22/2018,FL,1,44,4,4,NA,NA,0
17,7/22/2018,FL,1,44,4,5,442,0,1
17,7/22/2018,FL,1,45,5,1,625,0,1
17,7/22/2018,FL,1,45,5,2,612,0,1
17,7/22/2018,FL,1,46,6,1,491,0,1
17,7/22/2018,FL,1,47,7,1,NA,NA,0
17,7/22/2018,FL,1,48,8,1,708,0,1
17,7/22/2018,FL,1,49,9,1,580,0,1
17,7/22/2018,FL,1,49,9,2,764,0,1
17,7/22/2018,FL,1,49,9,3,NA,NA,0
17,7/22/2018,FL,1,50,10,1,614,0,1
17,7/22/2018,FL,1,50,10,2,410,0,1
17,7/22/2018,FL,1,50,10,3,600,0,1
17,7/22/2018,FL,1,50,10,4,612,0,1
17,7/22/2018,FL,1,50,10,5,595,0,1
17,7/22/2018,FL,1,51,11,1,530,0,1
17,7/22/2018,FL,1,51,11,2,575,0,1
17,7/22/2018,FL,1,51,11,3,645,0,1
17,7/22/2018,FL,1,51,11,4,675,0,1
17,7/22/2018,FL,1,51,11,5,565,0,1
17,7/22/2018,FL,1,52,12,1,370,0,1
17,7/22/2018,FL,1,52,12,2,795,0,1
17,7/22/2018,FL,1,52,12,3,750,0,1
17,7/22/2018,FL,1,53,13,1,530,0,1
17,7/22/2018,FL,1,53,13,2,725,0,1
17,7/22/2018,FL,1,53,13,3,810,0,1
17,7/22/2018,FL,1,53,13,4,NA,NA,0
17,7/22/2018,FL,1,54,14,1,605,0,1
17,7/22/2018,FL,1,54,14,2,690,0,1
17,7/22/2018,FL,1,55,15,1,611,0,1
17,7/22/2018,FL,1,55,15,2,643,0,1
17,7/22/2018,FL,1,56,16,1,730,0,1
17,7/22/2018,FL,1,56,16,2,NA,NA,0
17,7/22/2018,FL,1,56,16,3,805,0,1
17,7/22/2018,FL,1,56,16,4,325,0,1
17,7/22/2018,FL,1,57,17,1,710,0,1
17,7/22/2018,FL,1,57,17,2,760,0,1
17,7/22/2018,FL,1,57,17,3,727,0,1
17,7/22/2018,FL,1,57,17,4,745,0,1
17,7/22/2018,FL,1,58,18,1,485,0,1
17,7/22/2018,FL,1,58,18,2,725,0,1
17,7/22/2018,FL,1,58,18,3,780,0,1
17,7/22/2018,FL,1,58,18,4,500,0,1
17,7/22/2018,FL,1,59,19,1,765,0,1
17,7/22/2018,FL,1,60,20,1,NA,NA,0
17,7/22/2018,FL,1,60,20,2,670,0,1
17,7/22/2018,EX,2,21,1,1,570,0,1
17,7/22/2018,EX,2,21,1,2,245,0,1
17,7/22/2018,EX,2,22,2,1,NA,NA,0
17,7/22/2018,EX,2,22,2,2,727,0,1
17,7/22/2018,EX,2,23,3,1,NA,NA,0
17,7/22/2018,EX,2,24,4,1,390,0,1
17,7/22/2018,EX,2,25,5,1,626,0,1
17,7/22/2018,EX,2,25,5,2,290,0,1
17,7/22/2018,EX,2,26,6,1,390,0,1
17,7/22/2018,EX,2,26,6,2,NA,NA,0
17,7/22/2018,EX,2,27,7,1,NA,NA,0
17,7/22/2018,EX,2,28,8,1,NA,NA,0
17,7/22/2018,EX,2,28,8,2,382,0,1
17,7/22/2018,EX,2,28,8,3,NA,NA,0
17,7/22/2018,EX,2,29,9,1,NA,NA,0
17,7/22/2018,EX,2,29,9,2,830,0,1
17,7/22/2018,EX,2,29,9,3,NA,NA,0
17,7/22/2018,EX,2,29,9,4,NA,NA,0
17,7/22/2018,EX,2,30,10,1,NA,NA,0
17,7/22/2018,EX,2,30,10,2,565,0,1
17,7/22/2018,EX,2,30,10,3,598,0,1
17,7/22/2018,EX,2,30,10,4,NA,NA,0
17,7/22/2018,EX,2,30,10,5,330,0,1
17,7/22/2018,EX,2,31,11,1,NA,NA,0
17,7/22/2018,EX,2,31,11,2,NA,NA,0
17,7/22/2018,EX,2,32,12,1,NA,NA,0
17,7/22/2018,EX,2,32,12,2,NA,NA,0
17,7/22/2018,EX,2,32,12,3,NA,NA,0
17,7/22/2018,EX,2,32,12,4,720,0,1
17,7/22/2018,EX,2,33,13,1,485,0,1
17,7/22/2018,EX,2,33,13,2,550,0,1
17,7/22/2018,EX,2,34,14,1,NA,NA,0
17,7/22/2018,EX,2,35,15,1,NA,NA,0
17,7/22/2018,EX,2,35,15,2,640,0,1
17,7/22/2018,EX,2,36,16,1,495,0,1
17,7/22/2018,EX,2,37,17,1,485,0,1
17,7/22/2018,EX,2,37,17,2,NA,NA,0
17,7/22/2018,EX,2,38,18,1,NA,NA,0
17,7/22/2018,EX,2,39,19,1,693,1,1
17,7/22/2018,EX,2,39,19,2,NA,NA,0
17,7/22/2018,EX,2,39,19,3,NA,NA,0
17,7/22/2018,EX,2,40,20,1,NA,NA,0
18,7/25/2018,CO,0,1,1,1,671,0,1
18,7/25/2018,CO,0,1,1,2,625,0,1
18,7/25/2018,CO,0,2,2,1,490,0,1
18,7/25/2018,CO,0,3,3,1,650,0,1
18,7/25/2018,CO,0,3,3,2,602,0,1
18,7/25/2018,CO,0,4,4,1,537,0,1
18,7/25/2018,CO,0,5,5,1,630,0,1
18,7/25/2018,CO,0,6,6,1,613,0,1
18,7/25/2018,CO,0,6,6,2,736,0,1
18,7/25/2018,CO,0,7,7,1,688,0,1
18,7/25/2018,CO,0,8,8,1,NA,NA,NA
18,7/25/2018,CO,0,8,8,2,850,0,1
18,7/25/2018,CO,0,8,8,3,746,0,1
18,7/25/2018,CO,0,8,8,4,670,0,1
18,7/25/2018,CO,0,9,9,1,765,0,1
18,7/25/2018,CO,0,9,9,2,574,0,1
18,7/25/2018,CO,0,10,10,1,470,0,1
18,7/25/2018,CO,0,10,10,2,350,0,1
18,7/25/2018,CO,0,11,11,1,545,0,1
18,7/25/2018,CO,0,11,11,2,NA,NA,0
18,7/25/2018,CO,0,11,11,3,650,0,1
18,7/25/2018,CO,0,11,11,4,643,0,1
18,7/25/2018,CO,0,11,11,5,635,0,1
18,7/25/2018,CO,0,12,12,1,824,0,1
18,7/25/2018,CO,0,12,12,2,611,0,1
18,7/25/2018,CO,0,12,12,3,560,0,1
18,7/25/2018,CO,0,13,13,1,NA,NA,NA
18,7/25/2018,CO,0,13,13,2,715,0,1
18,7/25/2018,CO,0,13,13,3,735,0,1
18,7/25/2018,CO,0,13,13,4,715,0,1
18,7/25/2018,CO,0,13,13,5,740,1,1
18,7/25/2018,CO,0,14,14,1,694,1,1
18,7/25/2018,CO,0,15,15,1,731,0,1
18,7/25/2018,CO,0,15,15,2,625,0,1
18,7/25/2018,CO,0,16,16,1,755,1,1
18,7/25/2018,CO,0,16,16,2,602,0,1
18,7/25/2018,CO,0,17,17,1,760,0,1
18,7/25/2018,CO,0,17,17,2,660,0,1
18,7/25/2018,CO,0,17,17,3,761,0,1
18,7/25/2018,CO,0,18,18,1,667,1,1
18,7/25/2018,CO,0,18,18,2,673,0,1
18,7/25/2018,CO,0,18,18,3,788,0,1
18,7/25/2018,CO,0,19,19,1,529,0,1
18,7/25/2018,CO,0,19,19,2,645,0,1
18,7/25/2018,CO,0,20,20,1,512,0,1
18,7/25/2018,CO,0,20,20,2,340,0,1
18,7/25/2018,FL,1,41,1,1,600,1,1
18,7/25/2018,FL,1,41,1,2,861,1,1
18,7/25/2018,FL,1,42,2,1,531,0,1
18,7/25/2018,FL,1,42,2,2,619,0,1
18,7/25/2018,FL,1,42,2,3,592,0,1
18,7/25/2018,FL,1,42,2,4,NA,NA,1
18,7/25/2018,FL,1,42,2,5,365,0,1
18,7/25/2018,FL,1,43,3,1,609,0,1
18,7/25/2018,FL,1,44,4,1,528,1,1
18,7/25/2018,FL,1,44,4,2,629,0,1
18,7/25/2018,FL,1,44,4,3,580,0,1
18,7/25/2018,FL,1,44,4,4,NA,NA,0
18,7/25/2018,FL,1,44,4,5,368,0,1
18,7/25/2018,FL,1,45,5,1,620,0,1
18,7/25/2018,FL,1,45,5,2,595,0,1
18,7/25/2018,FL,1,46,6,1,490,0,1
18,7/25/2018,FL,1,47,7,1,NA,NA,0
18,7/25/2018,FL,1,48,8,1,690,1,1
18,7/25/2018,FL,1,49,9,1,578,0,1
18,7/25/2018,FL,1,49,9,2,753,0,1
18,7/25/2018,FL,1,49,9,3,NA,NA,0
18,7/25/2018,FL,1,50,10,1,616,0,1
18,7/25/2018,FL,1,50,10,2,410,0,1
18,7/25/2018,FL,1,50,10,3,600,0,1
18,7/25/2018,FL,1,50,10,4,615,0,1
18,7/25/2018,FL,1,50,10,5,596,0,1
18,7/25/2018,FL,1,51,11,1,530,0,1
18,7/25/2018,FL,1,51,11,2,575,0,1
18,7/25/2018,FL,1,51,11,3,650,0,1
18,7/25/2018,FL,1,51,11,4,626,0,1
18,7/25/2018,FL,1,51,11,5,565,0,1
18,7/25/2018,FL,1,52,12,1,375,0,1
18,7/25/2018,FL,1,52,12,2,797,0,1
18,7/25/2018,FL,1,52,12,3,760,0,1
18,7/25/2018,FL,1,53,13,1,532,1,1
18,7/25/2018,FL,1,53,13,2,725,0,1
18,7/25/2018,FL,1,53,13,3,810,0,1
18,7/25/2018,FL,1,53,13,4,NA,NA,0
18,7/25/2018,FL,1,54,14,1,598,0,1
18,7/25/2018,FL,1,54,14,2,670,1,1
18,7/25/2018,FL,1,55,15,1,600,0,1
18,7/25/2018,FL,1,55,15,2,641,0,1
18,7/25/2018,FL,1,56,16,1,724,0,1
18,7/25/2018,FL,1,56,16,2,NA,NA,0
18,7/25/2018,FL,1,56,16,3,780,0,1
18,7/25/2018,FL,1,56,16,4,321,0,1
18,7/25/2018,FL,1,57,17,1,703,0,1
18,7/25/2018,FL,1,57,17,2,725,0,1
18,7/25/2018,FL,1,57,17,3,686,0,1
18,7/25/2018,FL,1,57,17,4,751,1,1
18,7/25/2018,FL,1,58,18,1,751,0,1
18,7/25/2018,FL,1,58,18,2,727,0,1
18,7/25/2018,FL,1,58,18,3,480,0,1
18,7/25/2018,FL,1,58,18,4,491,0,1
18,7/25/2018,FL,1,59,19,1,765,0,1
18,7/25/2018,FL,1,60,20,1,NA,NA,0
18,7/25/2018,FL,1,60,20,2,660,0,1
18,7/25/2018,EX,2,21,1,1,575,0,1
18,7/25/2018,EX,2,21,1,2,238,0,1
18,7/25/2018,EX,2,22,2,1,NA,NA,0
18,7/25/2018,EX,2,22,2,2,720,0,1
18,7/25/2018,EX,2,23,3,1,NA,NA,0
18,7/25/2018,EX,2,24,4,1,366,0,1
18,7/25/2018,EX,2,25,5,1,635,0,1
18,7/25/2018,EX,2,25,5,2,290,0,1
18,7/25/2018,EX,2,26,6,1,200,0,1
18,7/25/2018,EX,2,26,6,2,NA,NA,0
18,7/25/2018,EX,2,27,7,1,NA,NA,0
18,7/25/2018,EX,2,28,8,1,NA,NA,0
18,7/25/2018,EX,2,28,8,2,385,0,1
18,7/25/2018,EX,2,28,8,3,NA,NA,0
18,7/25/2018,EX,2,29,9,1,NA,NA,0
18,7/25/2018,EX,2,29,9,2,822,0,1
18,7/25/2018,EX,2,29,9,3,NA,NA,0
18,7/25/2018,EX,2,29,9,4,NA,NA,0
18,7/25/2018,EX,2,30,10,1,NA,NA,0
18,7/25/2018,EX,2,30,10,2,562,0,1
18,7/25/2018,EX,2,30,10,3,594,0,1
18,7/25/2018,EX,2,30,10,4,NA,NA,0
18,7/25/2018,EX,2,30,10,5,326,0,1
18,7/25/2018,EX,2,31,11,1,NA,NA,0
18,7/25/2018,EX,2,31,11,2,NA,NA,0
18,7/25/2018,EX,2,32,12,1,NA,NA,0
18,7/25/2018,EX,2,32,12,2,NA,NA,0
18,7/25/2018,EX,2,32,12,3,NA,NA,0
18,7/25/2018,EX,2,32,12,4,630,0,1
18,7/25/2018,EX,2,33,13,1,480,0,1
18,7/25/2018,EX,2,33,13,2,560,0,1
18,7/25/2018,EX,2,34,14,1,NA,NA,0
18,7/25/2018,EX,2,35,15,1,NA,NA,0
18,7/25/2018,EX,2,35,15,2,620,0,1
18,7/25/2018,EX,2,36,16,1,591,0,1
18,7/25/2018,EX,2,37,17,1,582,0,1
18,7/25/2018,EX,2,37,17,2,NA,NA,0
18,7/25/2018,EX,2,38,18,1,NA,NA,0
18,7/25/2018,EX,2,39,19,1,664,1,1
18,7/25/2018,EX,2,39,19,2,NA,NA,0
18,7/25/2018,EX,2,39,19,3,NA,NA,0
18,7/25/2018,EX,2,40,20,1,NA,NA,0
19,7/29/2018,CO,0,1,1,1,698,0,1
19,7/29/2018,CO,0,1,1,2,637,0,1
19,7/29/2018,CO,0,2,2,1,490,0,1
19,7/29/2018,CO,0,3,3,1,680,0,1
19,7/29/2018,CO,0,3,3,2,595,0,1
19,7/29/2018,CO,0,4,4,1,536,0,1
19,7/29/2018,CO,0,5,5,1,646,0,1
19,7/29/2018,CO,0,6,6,1,611,0,1
19,7/29/2018,CO,0,6,6,2,750,0,1
19,7/29/2018,CO,0,7,7,1,688,0,1
19,7/29/2018,CO,0,8,8,1,NA,NA,NA
19,7/29/2018,CO,0,8,8,2,850,0,1
19,7/29/2018,CO,0,8,8,3,745,0,1
19,7/29/2018,CO,0,8,8,4,672,1,1
19,7/29/2018,CO,0,9,9,1,784,0,1
19,7/29/2018,CO,0,9,9,2,561,0,1
19,7/29/2018,CO,0,10,10,1,468,0,1
19,7/29/2018,CO,0,10,10,2,336,0,1
19,7/29/2018,CO,0,11,11,1,495,0,1
19,7/29/2018,CO,0,11,11,2,NA,NA,0
19,7/29/2018,CO,0,11,11,3,730,1,1
19,7/29/2018,CO,0,11,11,4,722,0,1
19,7/29/2018,CO,0,11,11,5,633,0,1
19,7/29/2018,CO,0,12,12,1,812,0,1
19,7/29/2018,CO,0,12,12,2,544,0,1
19,7/29/2018,CO,0,12,12,3,593,0,1
19,7/29/2018,CO,0,13,13,1,NA,NA,NA
19,7/29/2018,CO,0,13,13,2,686,0,1
19,7/29/2018,CO,0,13,13,3,718,0,1
19,7/29/2018,CO,0,13,13,4,715,0,1
19,7/29/2018,CO,0,13,13,5,722,1,1
19,7/29/2018,CO,0,14,14,1,697,1,1
19,7/29/2018,CO,0,15,15,1,757,0,1
19,7/29/2018,CO,0,15,15,2,677,0,1
19,7/29/2018,CO,0,16,16,1,745,0,1
19,7/29/2018,CO,0,16,16,2,598,0,1
19,7/29/2018,CO,0,17,17,1,787,0,1
19,7/29/2018,CO,0,17,17,2,762,0,1
19,7/29/2018,CO,0,17,17,3,753,1,1
19,7/29/2018,CO,0,18,18,1,644,0,1
19,7/29/2018,CO,0,18,18,2,560,0,1
19,7/29/2018,CO,0,18,18,3,795,0,1
19,7/29/2018,CO,0,19,19,1,525,0,1
19,7/29/2018,CO,0,19,19,2,647,1,1
19,7/29/2018,CO,0,20,20,1,518,0,1
19,7/29/2018,CO,0,20,20,2,330,0,1
19,7/29/2018,FL,1,41,1,1,603,0,1
19,7/29/2018,FL,1,41,1,2,856,1,1
19,7/29/2018,FL,1,42,2,1,832,0,1
19,7/29/2018,FL,1,42,2,2,760,0,1
19,7/29/2018,FL,1,42,2,3,565,0,1
19,7/29/2018,FL,1,42,2,4,911,2,1
19,7/29/2018,FL,1,42,2,5,917,0,1
19,7/29/2018,FL,1,43,3,1,624,0,1
19,7/29/2018,FL,1,44,4,1,535,1,1
19,7/29/2018,FL,1,44,4,2,611,0,1
19,7/29/2018,FL,1,44,4,3,600,0,1
19,7/29/2018,FL,1,44,4,4,NA,NA,0
19,7/29/2018,FL,1,44,4,5,NA,NA,0
19,7/29/2018,FL,1,45,5,1,620,0,1
19,7/29/2018,FL,1,45,5,2,615,0,1
19,7/29/2018,FL,1,46,6,1,484,0,1
19,7/29/2018,FL,1,47,7,1,NA,NA,0
19,7/29/2018,FL,1,48,8,1,690,0,1
19,7/29/2018,FL,1,49,9,1,571,0,1
19,7/29/2018,FL,1,49,9,2,756,0,1
19,7/29/2018,FL,1,49,9,3,NA,NA,0
19,7/29/2018,FL,1,50,10,1,600,0,1
19,7/29/2018,FL,1,50,10,2,405,0,1
19,7/29/2018,FL,1,50,10,3,600,0,1
19,7/29/2018,FL,1,50,10,4,610,0,1
19,7/29/2018,FL,1,50,10,5,599,0,1
19,7/29/2018,FL,1,51,11,1,522,0,1
19,7/29/2018,FL,1,51,11,2,560,0,1
19,7/29/2018,FL,1,51,11,3,638,0,1
19,7/29/2018,FL,1,51,11,4,665,1,1
19,7/29/2018,FL,1,51,11,5,542,0,1
19,7/29/2018,FL,1,52,12,1,372,0,1
19,7/29/2018,FL,1,52,12,2,790,0,1
19,7/29/2018,FL,1,52,12,3,738,0,1
19,7/29/2018,FL,1,53,13,1,511,0,1
19,7/29/2018,FL,1,53,13,2,718,0,1
19,7/29/2018,FL,1,53,13,3,812,2,1
19,7/29/2018,FL,1,53,13,4,NA,NA,0
19,7/29/2018,FL,1,54,14,1,592,0,1
19,7/29/2018,FL,1,54,14,2,676,2,1
19,7/29/2018,FL,1,55,15,1,587,0,1
19,7/29/2018,FL,1,55,15,2,635,0,1
19,7/29/2018,FL,1,56,16,1,688,0,1
19,7/29/2018,FL,1,56,16,2,NA,NA,0
19,7/29/2018,FL,1,56,16,3,791,0,1
19,7/29/2018,FL,1,56,16,4,303,0,1
19,7/29/2018,FL,1,57,17,1,706,0,1
19,7/29/2018,FL,1,57,17,2,662,0,1
19,7/29/2018,FL,1,57,17,3,715,0,1
19,7/29/2018,FL,1,57,17,4,738,1,1
19,7/29/2018,FL,1,58,18,1,770,0,1
19,7/29/2018,FL,1,58,18,2,708,0,1
19,7/29/2018,FL,1,58,18,3,472,0,1
19,7/29/2018,FL,1,58,18,4,483,0,1
19,7/29/2018,FL,1,59,19,1,749,0,1
19,7/29/2018,FL,1,60,20,1,NA,NA,0
19,7/29/2018,FL,1,60,20,2,655,0,1
19,7/29/2018,EX,2,21,1,1,265,0,1
19,7/29/2018,EX,2,21,1,2,126,0,1
19,7/29/2018,EX,2,22,2,1,NA,NA,0
19,7/29/2018,EX,2,22,2,2,480,0,1
19,7/29/2018,EX,2,23,3,1,NA,NA,0
19,7/29/2018,EX,2,24,4,1,180,0,1
19,7/29/2018,EX,2,25,5,1,411,0,1
19,7/29/2018,EX,2,25,5,2,174,0,1
19,7/29/2018,EX,2,26,6,1,110,0,1
19,7/29/2018,EX,2,26,6,2,NA,NA,0
19,7/29/2018,EX,2,27,7,1,NA,NA,0
19,7/29/2018,EX,2,28,8,1,NA,NA,0
19,7/29/2018,EX,2,28,8,2,186,0,1
19,7/29/2018,EX,2,28,8,3,NA,NA,0
19,7/29/2018,EX,2,29,9,1,NA,NA,0
19,7/29/2018,EX,2,29,9,2,407,0,1
19,7/29/2018,EX,2,29,9,3,NA,NA,0
19,7/29/2018,EX,2,29,9,4,NA,NA,0
19,7/29/2018,EX,2,30,10,1,NA,NA,0
19,7/29/2018,EX,2,30,10,2,290,0,1
19,7/29/2018,EX,2,30,10,3,305,0,1
19,7/29/2018,EX,2,30,10,4,NA,NA,0
19,7/29/2018,EX,2,30,10,5,184,0,1
19,7/29/2018,EX,2,31,11,1,NA,NA,0
19,7/29/2018,EX,2,31,11,2,NA,NA,0
19,7/29/2018,EX,2,32,12,1,NA,NA,0
19,7/29/2018,EX,2,32,12,2,NA,NA,0
19,7/29/2018,EX,2,32,12,3,NA,NA,0
19,7/29/2018,EX,2,32,12,4,427,0,1
19,7/29/2018,EX,2,33,13,1,470,0,1
19,7/29/2018,EX,2,33,13,2,532,0,1
19,7/29/2018,EX,2,34,14,1,NA,NA,0
19,7/29/2018,EX,2,35,15,1,NA,NA,0
19,7/29/2018,EX,2,35,15,2,323,0,1
19,7/29/2018,EX,2,36,16,1,NA,NA,1
19,7/29/2018,EX,2,37,17,1,297,0,1
19,7/29/2018,EX,2,37,17,2,NA,NA,0
19,7/29/2018,EX,2,38,18,1,NA,NA,0
19,7/29/2018,EX,2,39,19,1,398,0,1
19,7/29/2018,EX,2,39,19,2,NA,NA,0
19,7/29/2018,EX,2,39,19,3,NA,NA,0
19,7/29/2018,EX,2,40,20,1,NA,NA,0
20,8/1/2018,CO,0,1,1,1,702,1,1
20,8/1/2018,CO,0,1,1,2,625,0,1
20,8/1/2018,CO,0,2,2,1,487,0,1
20,8/1/2018,CO,0,3,3,1,667,0,1
20,8/1/2018,CO,0,3,3,2,608,1,1
20,8/1/2018,CO,0,4,4,1,525,0,1
20,8/1/2018,CO,0,5,5,1,660,0,1
20,8/1/2018,CO,0,6,6,1,610,0,1
20,8/1/2018,CO,0,6,6,2,746,1,1
20,8/1/2018,CO,0,7,7,1,676,0,1
20,8/1/2018,CO,0,8,8,1,NA,NA,NA
20,8/1/2018,CO,0,8,8,2,827,0,1
20,8/1/2018,CO,0,8,8,3,746,0,1
20,8/1/2018,CO,0,8,8,4,664,0,1
20,8/1/2018,CO,0,9,9,1,756,0,1
20,8/1/2018,CO,0,9,9,2,565,0,1
20,8/1/2018,CO,0,10,10,1,470,0,1
20,8/1/2018,CO,0,10,10,2,NA,NA,0
20,8/1/2018,CO,0,11,11,1,515,0,1
20,8/1/2018,CO,0,11,11,2,NA,NA,0
20,8/1/2018,CO,0,11,11,3,750,0,1
20,8/1/2018,CO,0,11,11,4,750,0,1
20,8/1/2018,CO,0,11,11,5,655,0,1
20,8/1/2018,CO,0,12,12,1,822,0,1
20,8/1/2018,CO,0,12,12,2,558,0,1
20,8/1/2018,CO,0,12,12,3,612,0,1
20,8/1/2018,CO,0,13,13,1,NA,NA,NA
20,8/1/2018,CO,0,13,13,2,730,0,1
20,8/1/2018,CO,0,13,13,3,730,1,1
20,8/1/2018,CO,0,13,13,4,725,0,1
20,8/1/2018,CO,0,13,13,5,740,0,1
20,8/1/2018,CO,0,14,14,1,710,2,1
20,8/1/2018,CO,0,15,15,1,755,1,1
20,8/1/2018,CO,0,15,15,2,687,0,1
20,8/1/2018,CO,0,16,16,1,743,0,1
20,8/1/2018,CO,0,16,16,2,600,0,1
20,8/1/2018,CO,0,17,17,1,780,0,1
20,8/1/2018,CO,0,17,17,2,775,0,1
20,8/1/2018,CO,0,17,17,3,768,0,1
20,8/1/2018,CO,0,18,18,1,680,0,1
20,8/1/2018,CO,0,18,18,2,570,0,1
20,8/1/2018,CO,0,18,18,3,790,0,1
20,8/1/2018,CO,0,19,19,1,535,0,1
20,8/1/2018,CO,0,19,19,2,655,0,1
20,8/1/2018,CO,0,20,20,1,515,0,1
20,8/1/2018,CO,0,20,20,2,345,0,1
20,8/1/2018,FL,1,41,1,1,605,0,1
20,8/1/2018,FL,1,41,1,2,875,0,1
20,8/1/2018,FL,1,42,2,1,823,0,1
20,8/1/2018,FL,1,42,2,2,744,0,1
20,8/1/2018,FL,1,42,2,3,547,0,1
20,8/1/2018,FL,1,42,2,4,922,3,1
20,8/1/2018,FL,1,42,2,5,905,0,1
20,8/1/2018,FL,1,43,3,1,628,0,1
20,8/1/2018,FL,1,44,4,1,521,0,1
20,8/1/2018,FL,1,44,4,2,606,0,1
20,8/1/2018,FL,1,44,4,3,588,1,1
20,8/1/2018,FL,1,44,4,4,NA,NA,0
20,8/1/2018,FL,1,44,4,5,NA,NA,0
20,8/1/2018,FL,1,45,5,1,616,0,1
20,8/1/2018,FL,1,45,5,2,613,0,1
20,8/1/2018,FL,1,46,6,1,487,0,1
20,8/1/2018,FL,1,47,7,1,NA,NA,0
20,8/1/2018,FL,1,48,8,1,684,0,1
20,8/1/2018,FL,1,49,9,1,572,0,1
20,8/1/2018,FL,1,49,9,2,764,0,1
20,8/1/2018,FL,1,49,9,3,NA,NA,0
20,8/1/2018,FL,1,50,10,1,600,0,1
20,8/1/2018,FL,1,50,10,2,405,0,1
20,8/1/2018,FL,1,50,10,3,605,0,1
20,8/1/2018,FL,1,50,10,4,615,0,1
20,8/1/2018,FL,1,50,10,5,597,0,1
20,8/1/2018,FL,1,51,11,1,535,1,1
20,8/1/2018,FL,1,51,11,2,584,0,1
20,8/1/2018,FL,1,51,11,3,645,0,1
20,8/1/2018,FL,1,51,11,4,680,1,1
20,8/1/2018,FL,1,51,11,5,570,0,1
20,8/1/2018,FL,1,52,12,1,370,0,1
20,8/1/2018,FL,1,52,12,2,805,0,1
20,8/1/2018,FL,1,52,12,3,762,0,1
20,8/1/2018,FL,1,53,13,1,535,0,1
20,8/1/2018,FL,1,53,13,2,725,0,1
20,8/1/2018,FL,1,53,13,3,815,0,1
20,8/1/2018,FL,1,53,13,4,NA,NA,0
20,8/1/2018,FL,1,54,14,1,600,0,1
20,8/1/2018,FL,1,54,14,2,690,0,1
20,8/1/2018,FL,1,55,15,1,613,0,1
20,8/1/2018,FL,1,55,15,2,635,0,1
20,8/1/2018,FL,1,56,16,1,730,0,1
20,8/1/2018,FL,1,56,16,2,NA,NA,0
20,8/1/2018,FL,1,56,16,3,800,2,1
20,8/1/2018,FL,1,56,16,4,325,0,1
20,8/1/2018,FL,1,57,17,1,708,0,1
20,8/1/2018,FL,1,57,17,2,635,0,1
20,8/1/2018,FL,1,57,17,3,727,0,1
20,8/1/2018,FL,1,57,17,4,745,0,1
20,8/1/2018,FL,1,58,18,1,783,0,1
20,8/1/2018,FL,1,58,18,2,730,0,1
20,8/1/2018,FL,1,58,18,3,480,0,1
20,8/1/2018,FL,1,58,18,4,492,0,1
20,8/1/2018,FL,1,59,19,1,770,0,1
20,8/1/2018,FL,1,60,20,1,NA,NA,0
20,8/1/2018,FL,1,60,20,2,675,0,1
20,8/1/2018,EX,2,21,1,1,233,0,1
20,8/1/2018,EX,2,21,1,2,117,0,1
20,8/1/2018,EX,2,22,2,1,NA,NA,0
20,8/1/2018,EX,2,22,2,2,485,0,1
20,8/1/2018,EX,2,23,3,1,NA,NA,0
20,8/1/2018,EX,2,24,4,1,178,0,1
20,8/1/2018,EX,2,25,5,1,330,0,1
20,8/1/2018,EX,2,25,5,2,170,0,1
20,8/1/2018,EX,2,26,6,1,112,0,1
20,8/1/2018,EX,2,26,6,2,NA,NA,0
20,8/1/2018,EX,2,27,7,1,NA,NA,0
20,8/1/2018,EX,2,28,8,1,NA,NA,0
20,8/1/2018,EX,2,28,8,2,185,0,1
20,8/1/2018,EX,2,28,8,3,NA,NA,0
20,8/1/2018,EX,2,29,9,1,NA,NA,0
20,8/1/2018,EX,2,29,9,2,390,0,1
20,8/1/2018,EX,2,29,9,3,NA,NA,0
20,8/1/2018,EX,2,29,9,4,NA,NA,0
20,8/1/2018,EX,2,30,10,1,NA,NA,0
20,8/1/2018,EX,2,30,10,2,285,0,1
20,8/1/2018,EX,2,30,10,3,310,0,1
20,8/1/2018,EX,2,30,10,4,NA,NA,0
20,8/1/2018,EX,2,30,10,5,NA,NA,0
20,8/1/2018,EX,2,31,11,1,NA,NA,0
20,8/1/2018,EX,2,31,11,2,NA,NA,0
20,8/1/2018,EX,2,32,12,1,NA,NA,0
20,8/1/2018,EX,2,32,12,2,NA,NA,0
20,8/1/2018,EX,2,32,12,3,NA,NA,0
20,8/1/2018,EX,2,32,12,4,516,0,1
20,8/1/2018,EX,2,33,13,1,492,0,1
20,8/1/2018,EX,2,33,13,2,558,0,1
20,8/1/2018,EX,2,34,14,1,NA,NA,0
20,8/1/2018,EX,2,35,15,1,NA,NA,0
20,8/1/2018,EX,2,35,15,2,325,0,1
20,8/1/2018,EX,2,36,16,1,300,0,1
20,8/1/2018,EX,2,37,17,1,385,0,1
20,8/1/2018,EX,2,37,17,2,NA,NA,0
20,8/1/2018,EX,2,38,18,1,NA,NA,0
20,8/1/2018,EX,2,39,19,1,427,0,1
20,8/1/2018,EX,2,39,19,2,NA,NA,0
20,8/1/2018,EX,2,39,19,3,NA,NA,0
20,8/1/2018,EX,2,40,20,1,NA,NA,0
21,8/5/2018,CO,0,1,1,1,699,1,1
21,8/5/2018,CO,0,1,1,2,614,0,1
21,8/5/2018,CO,0,2,2,1,471,0,1
21,8/5/2018,CO,0,3,3,1,682,1,1
21,8/5/2018,CO,0,3,3,2,586,1,1
21,8/5/2018,CO,0,4,4,1,535,0,1
21,8/5/2018,CO,0,5,5,1,661,1,1
21,8/5/2018,CO,0,6,6,1,581,0,1
21,8/5/2018,CO,0,6,6,2,743,0,1
21,8/5/2018,CO,0,7,7,1,647,0,1
21,8/5/2018,CO,0,8,8,1,NA,NA,NA
21,8/5/2018,CO,0,8,8,2,813,0,1
21,8/5/2018,CO,0,8,8,3,738,1,1
21,8/5/2018,CO,0,8,8,4,640,3,1
21,8/5/2018,CO,0,9,9,1,704,0,1
21,8/5/2018,CO,0,9,9,2,555,0,1
21,8/5/2018,CO,0,10,10,1,506,0,1
21,8/5/2018,CO,0,10,10,2,NA,NA,0
21,8/5/2018,CO,0,11,11,1,521,0,1
21,8/5/2018,CO,0,11,11,2,NA,NA,0
21,8/5/2018,CO,0,11,11,3,742,1,1
21,8/5/2018,CO,0,11,11,4,720,0,1
21,8/5/2018,CO,0,11,11,5,647,0,1
21,8/5/2018,CO,0,12,12,1,820,0,1
21,8/5/2018,CO,0,12,12,2,542,0,1
21,8/5/2018,CO,0,12,12,3,604,0,1
21,8/5/2018,CO,0,13,13,1,NA,NA,NA
21,8/5/2018,CO,0,13,13,2,723,2,1
21,8/5/2018,CO,0,13,13,3,727,0,1
21,8/5/2018,CO,0,13,13,4,702,1,1
21,8/5/2018,CO,0,13,13,5,729,0,1
21,8/5/2018,CO,0,14,14,1,713,0,1
21,8/5/2018,CO,0,15,15,1,746,1,1
21,8/5/2018,CO,0,15,15,2,683,0,1
21,8/5/2018,CO,0,16,16,1,755,0,1
21,8/5/2018,CO,0,16,16,2,600,0,1
21,8/5/2018,CO,0,17,17,1,773,0,1
21,8/5/2018,CO,0,17,17,2,765,0,1
21,8/5/2018,CO,0,17,17,3,769,0,1
21,8/5/2018,CO,0,18,18,1,670,0,1
21,8/5/2018,CO,0,18,18,2,567,0,1
21,8/5/2018,CO,0,18,18,3,784,0,1
21,8/5/2018,CO,0,19,19,1,537,0,1
21,8/5/2018,CO,0,19,19,2,645,2,1
21,8/5/2018,CO,0,20,20,1,514,0,1
21,8/5/2018,CO,0,20,20,2,340,0,1
21,8/5/2018,FL,1,41,1,1,594,1,1
21,8/5/2018,FL,1,41,1,2,849,0,1
21,8/5/2018,FL,1,42,2,1,814,1,1
21,8/5/2018,FL,1,42,2,2,715,1,1
21,8/5/2018,FL,1,42,2,3,539,0,1
21,8/5/2018,FL,1,42,2,4,891,0,1
21,8/5/2018,FL,1,42,2,5,898,2,1
21,8/5/2018,FL,1,43,3,1,485,0,1
21,8/5/2018,FL,1,44,4,1,523,0,1
21,8/5/2018,FL,1,44,4,2,609,0,1
21,8/5/2018,FL,1,44,4,3,581,0,1
21,8/5/2018,FL,1,44,4,4,NA,NA,0
21,8/5/2018,FL,1,44,4,5,NA,NA,0
21,8/5/2018,FL,1,45,5,1,606,0,1
21,8/5/2018,FL,1,45,5,2,603,0,1
21,8/5/2018,FL,1,46,6,1,484,0,1
21,8/5/2018,FL,1,47,7,1,NA,NA,0
21,8/5/2018,FL,1,48,8,1,692,1,1
21,8/5/2018,FL,1,49,9,1,583,0,1
21,8/5/2018,FL,1,49,9,2,762,0,1
21,8/5/2018,FL,1,49,9,3,NA,NA,0
21,8/5/2018,FL,1,50,10,1,524,0,1
21,8/5/2018,FL,1,50,10,2,400,0,1
21,8/5/2018,FL,1,50,10,3,581,0,1
21,8/5/2018,FL,1,50,10,4,603,0,1
21,8/5/2018,FL,1,50,10,5,568,0,1
21,8/5/2018,FL,1,51,11,1,531,0,1
21,8/5/2018,FL,1,51,11,2,550,0,1
21,8/5/2018,FL,1,51,11,3,622,0,1
21,8/5/2018,FL,1,51,11,4,659,1,1
21,8/5/2018,FL,1,51,11,5,545,0,1
21,8/5/2018,FL,1,52,12,1,369,0,1
21,8/5/2018,FL,1,52,12,2,801,0,1
21,8/5/2018,FL,1,52,12,3,748,0,1
21,8/5/2018,FL,1,53,13,1,440,0,1
21,8/5/2018,FL,1,53,13,2,706,0,1
21,8/5/2018,FL,1,53,13,3,814,1,1
21,8/5/2018,FL,1,53,13,4,NA,NA,0
21,8/5/2018,FL,1,54,14,1,595,0,1
21,8/5/2018,FL,1,54,14,2,677,3,1
21,8/5/2018,FL,1,55,15,1,600,0,1
21,8/5/2018,FL,1,55,15,2,622,0,1
21,8/5/2018,FL,1,56,16,1,740,0,1
21,8/5/2018,FL,1,56,16,2,NA,NA,0
21,8/5/2018,FL,1,56,16,3,800,1,1
21,8/5/2018,FL,1,56,16,4,325,0,1
21,8/5/2018,FL,1,57,17,1,700,0,1
21,8/5/2018,FL,1,57,17,2,658,0,1
21,8/5/2018,FL,1,57,17,3,728,0,1
21,8/5/2018,FL,1,57,17,4,755,1,1
21,8/5/2018,FL,1,58,18,1,765,0,1
21,8/5/2018,FL,1,58,18,2,730,0,1
21,8/5/2018,FL,1,58,18,3,450,0,1
21,8/5/2018,FL,1,58,18,4,493,0,1
21,8/5/2018,FL,1,59,19,1,763,0,1
21,8/5/2018,FL,1,60,20,1,NA,NA,0
21,8/5/2018,FL,1,60,20,2,662,0,1
21,8/5/2018,EX,2,21,1,1,232,0,1
21,8/5/2018,EX,2,21,1,2,NA,NA,0
21,8/5/2018,EX,2,22,2,1,NA,NA,0
21,8/5/2018,EX,2,22,2,2,453,0,1
21,8/5/2018,EX,2,23,3,1,NA,NA,0
21,8/5/2018,EX,2,24,4,1,NA,NA,0
21,8/5/2018,EX,2,25,5,1,403,0,1
21,8/5/2018,EX,2,25,5,2,147,0,1
21,8/5/2018,EX,2,26,6,1,NA,NA,0
21,8/5/2018,EX,2,26,6,2,NA,NA,0
21,8/5/2018,EX,2,27,7,1,NA,NA,0
21,8/5/2018,EX,2,28,8,1,NA,NA,0
21,8/5/2018,EX,2,28,8,2,182,0,1
21,8/5/2018,EX,2,28,8,3,NA,NA,0
21,8/5/2018,EX,2,29,9,1,NA,NA,0
21,8/5/2018,EX,2,29,9,2,397,0,1
21,8/5/2018,EX,2,29,9,3,NA,NA,0
21,8/5/2018,EX,2,29,9,4,NA,NA,0
21,8/5/2018,EX,2,30,10,1,NA,NA,0
21,8/5/2018,EX,2,30,10,2,286,0,1
21,8/5/2018,EX,2,30,10,3,NA,NA,0
21,8/5/2018,EX,2,30,10,4,NA,NA,0
21,8/5/2018,EX,2,30,10,5,NA,NA,0
21,8/5/2018,EX,2,31,11,1,NA,NA,0
21,8/5/2018,EX,2,31,11,2,NA,NA,0
21,8/5/2018,EX,2,32,12,1,NA,NA,0
21,8/5/2018,EX,2,32,12,2,NA,NA,0
21,8/5/2018,EX,2,32,12,3,NA,NA,0
21,8/5/2018,EX,2,32,12,4,511,0,1
21,8/5/2018,EX,2,33,13,1,466,0,1
21,8/5/2018,EX,2,33,13,2,546,0,1
21,8/5/2018,EX,2,34,14,1,NA,NA,0
21,8/5/2018,EX,2,35,15,1,NA,NA,0
21,8/5/2018,EX,2,35,15,2,420,0,1
21,8/5/2018,EX,2,36,16,1,360,0,1
21,8/5/2018,EX,2,37,17,1,375,0,1
21,8/5/2018,EX,2,37,17,2,NA,NA,0
21,8/5/2018,EX,2,38,18,1,NA,NA,0
21,8/5/2018,EX,2,39,19,1,423,0,1
21,8/5/2018,EX,2,39,19,2,NA,NA,0
21,8/5/2018,EX,2,39,19,3,NA,NA,0
21,8/5/2018,EX,2,40,20,1,NA,NA,0
