visit,date,treatment,rep_ID,clone,AVGheight_mm,AVGeggs,AVGalive1_dead0
3,6/3/2018,FLORAL,41,1,590.5,0,1
3,6/3/2018,FLORAL,42,2,585.6,0.2,1
3,6/3/2018,FLORAL,43,3,508,0,1
3,6/3/2018,FLORAL,44,4,420,0,1
3,6/3/2018,FLORAL,45,5,510.5,0,1
3,6/3/2018,FLORAL,46,6,396,0,1
3,6/3/2018,FLORAL,47,7,287,0,1
3,6/3/2018,FLORAL,48,8,533,0,1
3,6/3/2018,FLORAL,49,9,422,0,0.666666667
3,6/3/2018,FLORAL,50,10,474,0,1
3,6/3/2018,FLORAL,51,11,501.4,0,1
3,6/3/2018,FLORAL,52,12,514.6666667,0,1
3,6/3/2018,FLORAL,53,13,462.75,0,1
3,6/3/2018,FLORAL,54,14,542.5,0,1
3,6/3/2018,FLORAL,55,15,535,0,1
3,6/3/2018,FLORAL,56,16,439.5,0,1
3,6/3/2018,FLORAL,57,17,635,0,1
3,6/3/2018,FLORAL,58,18,536.5,0,1
3,6/3/2018,FLORAL,59,19,620,1,1
3,6/3/2018,FLORAL,60,20,306,0,1
4,6/6/2018,FLORAL,41,1,606.5,0,1
4,6/6/2018,FLORAL,42,2,611.8,0,1
4,6/6/2018,FLORAL,43,3,545,0,1
4,6/6/2018,FLORAL,44,4,440,0,1
4,6/6/2018,FLORAL,45,5,545,0,1
4,6/6/2018,FLORAL,46,6,441,1,1
4,6/6/2018,FLORAL,47,7,376,0,1
4,6/6/2018,FLORAL,48,8,578,0,1
4,6/6/2018,FLORAL,49,9,405.3333333,0.333333333,0.666666667
4,6/6/2018,FLORAL,50,10,504.8,0,1
4,6/6/2018,FLORAL,51,11,533.4,0.6,1
4,6/6/2018,FLORAL,52,12,544,0,1
4,6/6/2018,FLORAL,53,13,475,0,1
4,6/6/2018,FLORAL,54,14,554.5,0,1
4,6/6/2018,FLORAL,55,15,558.5,0,1
4,6/6/2018,FLORAL,56,16,450.5,0,0.75
4,6/6/2018,FLORAL,57,17,658.25,0,1
4,6/6/2018,FLORAL,58,18,554.25,0,1
4,6/6/2018,FLORAL,59,19,650,0,1
4,6/6/2018,FLORAL,60,20,315,0,1
5,6/10/2018,FLORAL,41,1,670.5,0,1
5,6/10/2018,FLORAL,42,2,667.2,0,1
5,6/10/2018,FLORAL,43,3,566,0,1
5,6/10/2018,FLORAL,44,4,453,0,1
5,6/10/2018,FLORAL,45,5,568.5,0,1
5,6/10/2018,FLORAL,46,6,476,0,1
5,6/10/2018,FLORAL,47,7,442,0,1
5,6/10/2018,FLORAL,48,8,606,0,1
5,6/10/2018,FLORAL,49,9,428.3333333,0.666666667,0.666666667
5,6/10/2018,FLORAL,50,10,527.2,0,1
5,6/10/2018,FLORAL,51,11,565.6,0.2,1
5,6/10/2018,FLORAL,52,12,591,0,1
5,6/10/2018,FLORAL,53,13,502.75,0,1
5,6/10/2018,FLORAL,54,14,592.5,0,1
5,6/10/2018,FLORAL,55,15,594.5,0.5,1
5,6/10/2018,FLORAL,56,16,470.75,0,0.75
5,6/10/2018,FLORAL,57,17,691.25,0,1
5,6/10/2018,FLORAL,58,18,589.25,0.25,1
5,6/10/2018,FLORAL,59,19,702,1,1
5,6/10/2018,FLORAL,60,20,338.5,0,0.5
6,6/13/2018,FLORAL,41,1,710,0,1
6,6/13/2018,FLORAL,42,2,706.6,0,1
6,6/13/2018,FLORAL,43,3,583,0,1
6,6/13/2018,FLORAL,44,4,476.6,0,1
6,6/13/2018,FLORAL,45,5,577.5,0,1
6,6/13/2018,FLORAL,46,6,475,0,1
6,6/13/2018,FLORAL,47,7,487,0,1
6,6/13/2018,FLORAL,48,8,657,0,1
6,6/13/2018,FLORAL,49,9,442.6666667,0,0.666666667
6,6/13/2018,FLORAL,50,10,544.4,0,1
6,6/13/2018,FLORAL,51,11,574,0.2,1
6,6/13/2018,FLORAL,52,12,600.6666667,0,1
6,6/13/2018,FLORAL,53,13,506.5,0,1
6,6/13/2018,FLORAL,54,14,608,0,1
6,6/13/2018,FLORAL,55,15,605.5,0,1
6,6/13/2018,FLORAL,56,16,457.25,0,0.75
6,6/13/2018,FLORAL,57,17,699.25,0,1
6,6/13/2018,FLORAL,58,18,593.25,0,1
6,6/13/2018,FLORAL,59,19,711,0,1
6,6/13/2018,FLORAL,60,20,344.5,0,0.5
7,6/16/2018,FLORAL,41,1,716,0,1
7,6/16/2018,FLORAL,42,2,723.8,0,1
7,6/16/2018,FLORAL,43,3,585,0,1
7,6/16/2018,FLORAL,44,4,483.6,0,1
7,6/16/2018,FLORAL,45,5,582.5,0,1
7,6/16/2018,FLORAL,46,6,478,0,1
7,6/16/2018,FLORAL,47,7,529,0,1
7,6/16/2018,FLORAL,48,8,665,0,1
7,6/16/2018,FLORAL,49,9,443.3333333,0,0.666666667
7,6/16/2018,FLORAL,50,10,546.4,0,1
7,6/16/2018,FLORAL,51,11,583.6,0,1
7,6/16/2018,FLORAL,52,12,626,0,1
7,6/16/2018,FLORAL,53,13,543.5,0,1
7,6/16/2018,FLORAL,54,14,617.5,0,1
7,6/16/2018,FLORAL,55,15,604,0,1
7,6/16/2018,FLORAL,56,16,451.25,0,0.75
7,6/16/2018,FLORAL,57,17,705.75,0,1
7,6/16/2018,FLORAL,58,18,611.5,0,1
7,6/16/2018,FLORAL,59,19,723,0,1
7,6/16/2018,FLORAL,60,20,320.5,0,0.5
8,6/20/2018,FLORAL,41,1,740,0,1
8,6/20/2018,FLORAL,42,2,715.4,0,1
8,6/20/2018,FLORAL,43,3,608,0,1
8,6/20/2018,FLORAL,44,4,488.4,0,1
8,6/20/2018,FLORAL,45,5,595,0,1
8,6/20/2018,FLORAL,46,6,495,0,1
8,6/20/2018,FLORAL,47,7,555,0,1
8,6/20/2018,FLORAL,48,8,693,0,1
8,6/20/2018,FLORAL,49,9,448.3333333,0,0.666666667
8,6/20/2018,FLORAL,50,10,561.6,0,1
8,6/20/2018,FLORAL,51,11,606,0,1
8,6/20/2018,FLORAL,52,12,639.3333333,0,1
8,6/20/2018,FLORAL,53,13,526,0,1
8,6/20/2018,FLORAL,54,14,624.5,0,1
8,6/20/2018,FLORAL,55,15,608,0,1
8,6/20/2018,FLORAL,56,16,452.5,0,0.75
8,6/20/2018,FLORAL,57,17,725.75,0,1
8,6/20/2018,FLORAL,58,18,613.75,0,1
8,6/20/2018,FLORAL,59,19,752,0,1
8,6/20/2018,FLORAL,60,20,320,0,0.5
9,6/23/2018,FLORAL,41,1,741,0,1
9,6/23/2018,FLORAL,42,2,756.4,0,1
9,6/23/2018,FLORAL,43,3,615,0,1
9,6/23/2018,FLORAL,44,4,489.8,0,1
9,6/23/2018,FLORAL,45,5,608,0,1
9,6/23/2018,FLORAL,46,6,491,0,1
9,6/23/2018,FLORAL,47,7,573,0,1
9,6/23/2018,FLORAL,48,8,690,0,1
9,6/23/2018,FLORAL,49,9,453.6666667,0,0.666666667
9,6/23/2018,FLORAL,50,10,565.8,0.2,1
9,6/23/2018,FLORAL,51,11,584,0,1
9,6/23/2018,FLORAL,52,12,619,0,1
9,6/23/2018,FLORAL,53,13,520.25,0,0.75
9,6/23/2018,FLORAL,54,14,596,1.5,1
9,6/23/2018,FLORAL,55,15,603.5,0,1
9,6/23/2018,FLORAL,56,16,445.75,0.25,0.75
9,6/23/2018,FLORAL,57,17,708.75,0,1
9,6/23/2018,FLORAL,58,18,600,0,1
9,6/23/2018,FLORAL,59,19,741,0,1
9,6/23/2018,FLORAL,60,20,378,0,0.5
10,6/27/2018,FLORAL,41,1,740,0,1
10,6/27/2018,FLORAL,42,2,772,0,1
10,6/27/2018,FLORAL,43,3,622,0,1
10,6/27/2018,FLORAL,44,4,485,0,1
10,6/27/2018,FLORAL,45,5,613.5,0,1
10,6/27/2018,FLORAL,46,6,495,0,1
10,6/27/2018,FLORAL,47,7,590,0,1
10,6/27/2018,FLORAL,48,8,700,0,1
10,6/27/2018,FLORAL,49,9,452.6666667,0,0.666666667
10,6/27/2018,FLORAL,50,10,564,0,1
10,6/27/2018,FLORAL,51,11,541.8,0,1
10,6/27/2018,FLORAL,52,12,633.3333333,0,1
10,6/27/2018,FLORAL,53,13,482.5,0,0.75
10,6/27/2018,FLORAL,54,14,600,0,1
10,6/27/2018,FLORAL,55,15,617.5,0,1
10,6/27/2018,FLORAL,56,16,459.75,0,0.75
10,6/27/2018,FLORAL,57,17,725,0,1
10,6/27/2018,FLORAL,58,18,610,0.25,1
10,6/27/2018,FLORAL,59,19,645,1,1
10,6/27/2018,FLORAL,60,20,335.5,0,0.5
11,7/1/2018,FLORAL,41,1,745.5,0,1
11,7/1/2018,FLORAL,42,2,778,0,1
11,7/1/2018,FLORAL,43,3,625,0,1
11,7/1/2018,FLORAL,44,4,476.6,0,1
11,7/1/2018,FLORAL,45,5,611.5,0,1
11,7/1/2018,FLORAL,46,6,502,0,1
11,7/1/2018,FLORAL,47,7,593,0,1
11,7/1/2018,FLORAL,48,8,682,0,1
11,7/1/2018,FLORAL,49,9,441.6666667,0,0.666666667
11,7/1/2018,FLORAL,50,10,534.4,0,1
11,7/1/2018,FLORAL,51,11,578.2,0,1
11,7/1/2018,FLORAL,52,12,630,0,1
11,7/1/2018,FLORAL,53,13,501.75,0.25,0.75
11,7/1/2018,FLORAL,54,14,630,0.5,1
11,7/1/2018,FLORAL,55,15,612.5,0,1
11,7/1/2018,FLORAL,56,16,444,0.25,0.75
11,7/1/2018,FLORAL,57,17,725.75,0,1
11,7/1/2018,FLORAL,58,18,608.5,0,1
11,7/1/2018,FLORAL,59,19,NA,NA,1
11,7/1/2018,FLORAL,60,20,327.5,0,0.5
12,7/4/2018,FLORAL,41,1,734,0,1
12,7/4/2018,FLORAL,42,2,784,0,1
12,7/4/2018,FLORAL,43,3,632,0,1
12,7/4/2018,FLORAL,44,4,463,0,1
12,7/4/2018,FLORAL,45,5,608.5,0,1
12,7/4/2018,FLORAL,46,6,485,1,1
12,7/4/2018,FLORAL,47,7,564,0,1
12,7/4/2018,FLORAL,48,8,711,0,1
12,7/4/2018,FLORAL,49,9,447.6666667,0,0.666666667
12,7/4/2018,FLORAL,50,10,563.2,0,1
12,7/4/2018,FLORAL,51,11,597,0,1
12,7/4/2018,FLORAL,52,12,639.6666667,0,1
12,7/4/2018,FLORAL,53,13,510,0,0.75
12,7/4/2018,FLORAL,54,14,642.5,0.5,1
12,7/4/2018,FLORAL,55,15,625,0.5,1
12,7/4/2018,FLORAL,56,16,461.75,0,0.75
12,7/4/2018,FLORAL,57,17,734.5,0,1
12,7/4/2018,FLORAL,58,18,616.75,0,1
12,7/4/2018,FLORAL,59,19,755,0,1
12,7/4/2018,FLORAL,60,20,333.5,0,0.5
13,7/7/2018,FLORAL,41,1,724.5,0.5,1
13,7/7/2018,FLORAL,42,2,773.6,0,1
13,7/7/2018,FLORAL,43,3,621,0,1
13,7/7/2018,FLORAL,44,4,435.8,0.2,0.8
13,7/7/2018,FLORAL,45,5,560.5,0.5,1
13,7/7/2018,FLORAL,46,6,487,0,1
13,7/7/2018,FLORAL,47,7,61,0,0
13,7/7/2018,FLORAL,48,8,691,0,1
13,7/7/2018,FLORAL,49,9,436.6666667,0,0.666666667
13,7/7/2018,FLORAL,50,10,556.6,0,1
13,7/7/2018,FLORAL,51,11,572.8,0,1
13,7/7/2018,FLORAL,52,12,625.6666667,0,1
13,7/7/2018,FLORAL,53,13,506.5,0,0.75
13,7/7/2018,FLORAL,54,14,620,0,1
13,7/7/2018,FLORAL,55,15,590.5,0,1
13,7/7/2018,FLORAL,56,16,447.25,0,0.75
13,7/7/2018,FLORAL,57,17,715.5,0,1
13,7/7/2018,FLORAL,58,18,603.5,0,1
13,7/7/2018,FLORAL,59,19,755,0,1
13,7/7/2018,FLORAL,60,20,324,0,0.5
14,7/11/2018,FLORAL,41,1,732.5,0.5,1
14,7/11/2018,FLORAL,42,2,794.4,0,1
14,7/11/2018,FLORAL,43,3,650,0,1
14,7/11/2018,FLORAL,44,4,415,0,0.8
14,7/11/2018,FLORAL,45,5,607.5,0,1
14,7/11/2018,FLORAL,46,6,485,0,1
14,7/11/2018,FLORAL,47,7,560,0,0
14,7/11/2018,FLORAL,48,8,705,1,1
14,7/11/2018,FLORAL,49,9,467.6666667,0.333333333,0.666666667
14,7/11/2018,FLORAL,50,10,530,0,1
14,7/11/2018,FLORAL,51,11,598.4,0,1
14,7/11/2018,FLORAL,52,12,646.3333333,0,1
14,7/11/2018,FLORAL,53,13,512.25,0,0.75
14,7/11/2018,FLORAL,54,14,646,0,1
14,7/11/2018,FLORAL,55,15,625.5,0,1
14,7/11/2018,FLORAL,56,16,457.5,0,0.75
14,7/11/2018,FLORAL,57,17,732,0,1
14,7/11/2018,FLORAL,58,18,616.75,0.25,1
14,7/11/2018,FLORAL,59,19,762,1,1
14,7/11/2018,FLORAL,60,20,332.5,0,0.5
15,7/15/2018,FLORAL,41,1,741.5,0,1
15,7/15/2018,FLORAL,42,2,790.6,0,1
15,7/15/2018,FLORAL,43,3,628,0,1
15,7/15/2018,FLORAL,44,4,431.2,0,0.8
15,7/15/2018,FLORAL,45,5,613.5,0,1
15,7/15/2018,FLORAL,46,6,490,0,1
15,7/15/2018,FLORAL,47,7,573,0,0
15,7/15/2018,FLORAL,48,8,NA,NA,1
15,7/15/2018,FLORAL,49,9,450,0,0.666666667
15,7/15/2018,FLORAL,50,10,595.8,0,1
15,7/15/2018,FLORAL,51,11,563.4,0,1
15,7/15/2018,FLORAL,52,12,633.3333333,0.333333333,1
15,7/15/2018,FLORAL,53,13,504.75,0,0.75
15,7/15/2018,FLORAL,54,14,634.5,0,1
15,7/15/2018,FLORAL,55,15,618.5,0,1
15,7/15/2018,FLORAL,56,16,443.75,0.25,0.75
15,7/15/2018,FLORAL,57,17,721.5,0.5,1
15,7/15/2018,FLORAL,58,18,608.25,0,1
15,7/15/2018,FLORAL,59,19,NA,NA,1
15,7/15/2018,FLORAL,60,20,312.5,0,0.5
16,7/18/2018,FLORAL,41,1,735.5,0,1
16,7/18/2018,FLORAL,42,2,802.4,0.2,1
16,7/18/2018,FLORAL,43,3,627,0,1
16,7/18/2018,FLORAL,44,4,434.4,0,0.8
16,7/18/2018,FLORAL,45,5,609,0,1
16,7/18/2018,FLORAL,46,6,488,0,1
16,7/18/2018,FLORAL,47,7,592,0,0
16,7/18/2018,FLORAL,48,8,692,0,1
16,7/18/2018,FLORAL,49,9,448.3333333,0,0.666666667
16,7/18/2018,FLORAL,50,10,567.2,0,1
16,7/18/2018,FLORAL,51,11,601.6,0,1
16,7/18/2018,FLORAL,52,12,646.6666667,0,1
16,7/18/2018,FLORAL,53,13,519.25,0,0.75
16,7/18/2018,FLORAL,54,14,654,0,1
16,7/18/2018,FLORAL,55,15,625,0,1
16,7/18/2018,FLORAL,56,16,467,0,0.75
16,7/18/2018,FLORAL,57,17,739.25,0.25,1
16,7/18/2018,FLORAL,58,18,624.25,0,1
16,7/18/2018,FLORAL,59,19,782,0,1
16,7/18/2018,FLORAL,60,20,342.5,0,0.5
17,7/22/2018,FLORAL,41,1,725,0,1
17,7/22/2018,FLORAL,42,2,793.4,0,1
17,7/22/2018,FLORAL,43,3,632,0,1
17,7/22/2018,FLORAL,44,4,441.4,0,0.8
17,7/22/2018,FLORAL,45,5,618.5,0,1
17,7/22/2018,FLORAL,46,6,491,0,1
17,7/22/2018,FLORAL,47,7,0,0,0
17,7/22/2018,FLORAL,48,8,708,0,1
17,7/22/2018,FLORAL,49,9,448,0,0.666666667
17,7/22/2018,FLORAL,50,10,566.2,0,1
17,7/22/2018,FLORAL,51,11,598,0,1
17,7/22/2018,FLORAL,52,12,638.3333333,0,1
17,7/22/2018,FLORAL,53,13,516.25,0,0.75
17,7/22/2018,FLORAL,54,14,647.5,0,1
17,7/22/2018,FLORAL,55,15,627,0,1
17,7/22/2018,FLORAL,56,16,465,0,0.75
17,7/22/2018,FLORAL,57,17,735.5,0,1
17,7/22/2018,FLORAL,58,18,622.5,0,1
17,7/22/2018,FLORAL,59,19,765,0,1
17,7/22/2018,FLORAL,60,20,335,0,0.5
18,7/25/2018,FLORAL,41,1,730.5,1,1
18,7/25/2018,FLORAL,42,2,526.75,0,1
18,7/25/2018,FLORAL,43,3,609,0,1
18,7/25/2018,FLORAL,44,4,421,0.2,0.8
18,7/25/2018,FLORAL,45,5,607.5,0,1
18,7/25/2018,FLORAL,46,6,490,0,1
18,7/25/2018,FLORAL,47,7,0,0,0
18,7/25/2018,FLORAL,48,8,690,1,1
18,7/25/2018,FLORAL,49,9,443.6666667,0,0.666666667
18,7/25/2018,FLORAL,50,10,567.4,0,1
18,7/25/2018,FLORAL,51,11,589.2,0,1
18,7/25/2018,FLORAL,52,12,644,0,1
18,7/25/2018,FLORAL,53,13,516.75,0.25,0.75
18,7/25/2018,FLORAL,54,14,634,0.5,1
18,7/25/2018,FLORAL,55,15,620.5,0,1
18,7/25/2018,FLORAL,56,16,456.25,0,0.75
18,7/25/2018,FLORAL,57,17,716.25,0.25,1
18,7/25/2018,FLORAL,58,18,612.25,0,1
18,7/25/2018,FLORAL,59,19,765,0,1
18,7/25/2018,FLORAL,60,20,330,0,0.5
19,7/29/2018,FLORAL,41,1,729.5,0.5,1
19,7/29/2018,FLORAL,42,2,797,0.4,1
19,7/29/2018,FLORAL,43,3,624,0,1
19,7/29/2018,FLORAL,44,4,422.6,0.2,0.6
19,7/29/2018,FLORAL,45,5,617.5,0,1
19,7/29/2018,FLORAL,46,6,484,0,1
19,7/29/2018,FLORAL,47,7,0,0,0
19,7/29/2018,FLORAL,48,8,690,0,1
19,7/29/2018,FLORAL,49,9,442.3333333,0,0.666666667
19,7/29/2018,FLORAL,50,10,562.8,0,1
19,7/29/2018,FLORAL,51,11,585.4,0.2,1
19,7/29/2018,FLORAL,52,12,633.3333333,0,1
19,7/29/2018,FLORAL,53,13,510.25,0.5,0.75
19,7/29/2018,FLORAL,54,14,634,1,1
19,7/29/2018,FLORAL,55,15,611,0,1
19,7/29/2018,FLORAL,56,16,445.5,0,0.75
19,7/29/2018,FLORAL,57,17,705.25,0.25,1
19,7/29/2018,FLORAL,58,18,608.25,0,1
19,7/29/2018,FLORAL,59,19,749,0,1
19,7/29/2018,FLORAL,60,20,327.5,0,0.5
20,8/1/2018,FLORAL,41,1,740,0,1
20,8/1/2018,FLORAL,42,2,788.2,0.6,1
20,8/1/2018,FLORAL,43,3,628,0,1
20,8/1/2018,FLORAL,44,4,415.2,0.2,0.6
20,8/1/2018,FLORAL,45,5,614.5,0,1
20,8/1/2018,FLORAL,46,6,487,0,1
20,8/1/2018,FLORAL,47,7,0,0,0
20,8/1/2018,FLORAL,48,8,684,0,1
20,8/1/2018,FLORAL,49,9,445.3333333,0,0.666666667
20,8/1/2018,FLORAL,50,10,564.4,0,1
20,8/1/2018,FLORAL,51,11,602.8,0.4,1
20,8/1/2018,FLORAL,52,12,645.6666667,0,1
20,8/1/2018,FLORAL,53,13,518.75,0,0.75
20,8/1/2018,FLORAL,54,14,645,0,1
20,8/1/2018,FLORAL,55,15,624,0,1
20,8/1/2018,FLORAL,56,16,463.75,0.5,0.75
20,8/1/2018,FLORAL,57,17,703.75,0,1
20,8/1/2018,FLORAL,58,18,621.25,0,1
20,8/1/2018,FLORAL,59,19,770,0,1
20,8/1/2018,FLORAL,60,20,337.5,0,0.5
21,8/5/2018,FLORAL,41,1,721.5,0.5,1
21,8/5/2018,FLORAL,42,2,771.4,0.8,1
21,8/5/2018,FLORAL,43,3,485,0,1
21,8/5/2018,FLORAL,44,4,426.6,0,0.6
21,8/5/2018,FLORAL,45,5,604.5,0,1
21,8/5/2018,FLORAL,46,6,484,0,1
21,8/5/2018,FLORAL,47,7,0,0,0
21,8/5/2018,FLORAL,48,8,692,1,1
21,8/5/2018,FLORAL,49,9,448.3333333,0,0.666666667
21,8/5/2018,FLORAL,50,10,535.2,0,1
21,8/5/2018,FLORAL,51,11,581.4,0.2,1
21,8/5/2018,FLORAL,52,12,639.3333333,0,1
21,8/5/2018,FLORAL,53,13,490,0.25,0.75
21,8/5/2018,FLORAL,54,14,636,1.5,1
21,8/5/2018,FLORAL,55,15,611,0,1
21,8/5/2018,FLORAL,56,16,466.25,0.25,0.75
21,8/5/2018,FLORAL,57,17,710.25,0.25,1
21,8/5/2018,FLORAL,58,18,609.5,0,1
21,8/5/2018,FLORAL,59,19,763,0,1
21,8/5/2018,FLORAL,60,20,331,0,0.5
22,8/8/2018,FLORAL,41,1,709,0,1
22,8/8/2018,FLORAL,42,2,761.8,0,1
22,8/8/2018,FLORAL,43,3,615,0,1
22,8/8/2018,FLORAL,44,4,348.4,0,0.6
22,8/8/2018,FLORAL,45,5,603,0,1
22,8/8/2018,FLORAL,46,6,490,0,1
22,8/8/2018,FLORAL,47,7,0,0,0
22,8/8/2018,FLORAL,48,8,698,0,1
22,8/8/2018,FLORAL,49,9,451.6666667,0.333333333,0.666666667
22,8/8/2018,FLORAL,50,10,496.6,0,0
22,8/8/2018,FLORAL,51,11,590,0.2,1
22,8/8/2018,FLORAL,52,12,637.3333333,0,1
22,8/8/2018,FLORAL,53,13,383.75,0.25,0.5
22,8/8/2018,FLORAL,54,14,620,0.5,1
22,8/8/2018,FLORAL,55,15,610,0,1
22,8/8/2018,FLORAL,56,16,465,0,0.75
22,8/8/2018,FLORAL,57,17,547,0.25,0.75
22,8/8/2018,FLORAL,58,18,503.75,0,0.75
22,8/8/2018,FLORAL,59,19,770,0,1
22,8/8/2018,FLORAL,60,20,335,0,0.5
23,8/12/2018,FLORAL,41,1,725.5,1,1
23,8/12/2018,FLORAL,42,2,794.8,0,0.8
23,8/12/2018,FLORAL,43,3,601,0,1
23,8/12/2018,FLORAL,44,4,347,0.2,0.6
23,8/12/2018,FLORAL,45,5,614,0,1
23,8/12/2018,FLORAL,46,6,481,0,1
23,8/12/2018,FLORAL,47,7,0,0,0
23,8/12/2018,FLORAL,48,8,658,0,1
23,8/12/2018,FLORAL,49,9,446,0,0.666666667
23,8/12/2018,FLORAL,50,10,553,0,0
23,8/12/2018,FLORAL,51,11,466.4,0,0.8
23,8/12/2018,FLORAL,52,12,601.6666667,NA,1
23,8/12/2018,FLORAL,53,13,379.75,0,0.5
23,8/12/2018,FLORAL,54,14,631,0,1
23,8/12/2018,FLORAL,55,15,571.5,0,1
23,8/12/2018,FLORAL,56,16,450,0,0.75
23,8/12/2018,FLORAL,57,17,532.25,0,0.75
23,8/12/2018,FLORAL,58,18,484.5,0,0.75
23,8/12/2018,FLORAL,59,19,760,0,1
23,8/12/2018,FLORAL,60,20,323.5,0,0.5
24,8/15/2018,FLORAL,41,1,742.5,1,1
24,8/15/2018,FLORAL,42,2,689.6,0.6,0.8
24,8/15/2018,FLORAL,43,3,625,0,1
24,8/15/2018,FLORAL,44,4,247,0,0.4
24,8/15/2018,FLORAL,45,5,620,0.5,1
24,8/15/2018,FLORAL,46,6,490,0,1
24,8/15/2018,FLORAL,47,7,0,0,0
24,8/15/2018,FLORAL,48,8,700,2,1
24,8/15/2018,FLORAL,49,9,447.3333333,0.333333333,0.666666667
24,8/15/2018,FLORAL,50,10,0,0,0
24,8/15/2018,FLORAL,51,11,360.2,0,0.6
24,8/15/2018,FLORAL,52,12,386.3333333,0,0.666666667
24,8/15/2018,FLORAL,53,13,381.75,0,0.5
24,8/15/2018,FLORAL,54,14,632,0,1
24,8/15/2018,FLORAL,55,15,565,0,1
24,8/15/2018,FLORAL,56,16,453.25,0,0.75
24,8/15/2018,FLORAL,57,17,540,0,0.75
24,8/15/2018,FLORAL,58,18,489.5,0,0.75
24,8/15/2018,FLORAL,59,19,764,2,1
24,8/15/2018,FLORAL,60,20,301,0,0.5
25,8/19/2018,FLORAL,41,1,745,0,1
25,8/19/2018,FLORAL,42,2,686.2,0,0.8
25,8/19/2018,FLORAL,43,3,618,0,1
25,8/19/2018,FLORAL,44,4,241,0,0.4
25,8/19/2018,FLORAL,45,5,617.5,0,1
25,8/19/2018,FLORAL,46,6,479,0,1
25,8/19/2018,FLORAL,47,7,0,0,0
25,8/19/2018,FLORAL,48,8,620,0,1
25,8/19/2018,FLORAL,49,9,443.6666667,0,0.666666667
25,8/19/2018,FLORAL,50,10,0,0,0
25,8/19/2018,FLORAL,51,11,239.6,0,0.4
25,8/19/2018,FLORAL,52,12,262,0,0.333333333
25,8/19/2018,FLORAL,53,13,381.75,0,0.5
25,8/19/2018,FLORAL,54,14,584.5,0.5,1
25,8/19/2018,FLORAL,55,15,294,0,0.5
25,8/19/2018,FLORAL,56,16,419.25,0.25,0.75
25,8/19/2018,FLORAL,57,17,539.5,0,0.75
25,8/19/2018,FLORAL,58,18,468.5,0,0.75
25,8/19/2018,FLORAL,59,19,754,1,1
25,8/19/2018,FLORAL,60,20,302.5,0,0.5
26,8/22/2018,FLORAL,41,1,715,0,1
26,8/22/2018,FLORAL,42,2,678.4,0,0.8
26,8/22/2018,FLORAL,43,3,590,0,1
26,8/22/2018,FLORAL,44,4,239.4,0,0.4
26,8/22/2018,FLORAL,45,5,601.5,0,1
26,8/22/2018,FLORAL,46,6,410,0,1
26,8/22/2018,FLORAL,47,7,0,0,0
26,8/22/2018,FLORAL,48,8,625,0,1
26,8/22/2018,FLORAL,49,9,418.3333333,0,0.666666667
26,8/22/2018,FLORAL,50,10,0,0,0
26,8/22/2018,FLORAL,51,11,240.8,0,0.4
26,8/22/2018,FLORAL,52,12,262,0,0.333333333
26,8/22/2018,FLORAL,53,13,377.75,0,0.5
26,8/22/2018,FLORAL,54,14,575,0,1
26,8/22/2018,FLORAL,55,15,300,0,0.5
26,8/22/2018,FLORAL,56,16,447,0,0.75
26,8/22/2018,FLORAL,57,17,535.75,0,0.75
26,8/22/2018,FLORAL,58,18,477,0,0.75
26,8/22/2018,FLORAL,59,19,738,0,1
26,8/22/2018,FLORAL,60,20,270,0,0.5
27,8/26/2018,FLORAL,41,1,704.5,0,1
27,8/26/2018,FLORAL,42,2,662.4,0.2,0.8
27,8/26/2018,FLORAL,43,3,611,0,1
27,8/26/2018,FLORAL,44,4,230.6,0,0.4
27,8/26/2018,FLORAL,45,5,595,0,1
27,8/26/2018,FLORAL,46,6,409,0,1
27,8/26/2018,FLORAL,47,7,0,0,0
27,8/26/2018,FLORAL,48,8,625,0,1
27,8/26/2018,FLORAL,49,9,407.6666667,0,0.666666667
27,8/26/2018,FLORAL,50,10,0,0,0
27,8/26/2018,FLORAL,51,11,245,0,0.4
27,8/26/2018,FLORAL,52,12,260.6666667,0,0.333333333
27,8/26/2018,FLORAL,53,13,347.5,0,0.5
27,8/26/2018,FLORAL,54,14,590,0,1
27,8/26/2018,FLORAL,55,15,301.5,0,0.5
27,8/26/2018,FLORAL,56,16,420,0,0.75
27,8/26/2018,FLORAL,57,17,534.25,0,0.75
27,8/26/2018,FLORAL,58,18,464.25,0,0.75
27,8/26/2018,FLORAL,59,19,738,0,1
27,8/26/2018,FLORAL,60,20,275,0,0.5
28,8/30/2018,FLORAL,41,1,738,0,1
28,8/30/2018,FLORAL,42,2,676.2,0.2,0.8
28,8/30/2018,FLORAL,43,3,555,0,1
28,8/30/2018,FLORAL,44,4,99.8,0,0.2
28,8/30/2018,FLORAL,45,5,578,0,1
28,8/30/2018,FLORAL,46,6,0,0,0
28,8/30/2018,FLORAL,47,7,0,0,0
28,8/30/2018,FLORAL,48,8,0,0,0
28,8/30/2018,FLORAL,49,9,393.6666667,0,0.666666667
28,8/30/2018,FLORAL,50,10,0,0,0
28,8/30/2018,FLORAL,51,11,0,0,0
28,8/30/2018,FLORAL,52,12,235,0,0.333333333
28,8/30/2018,FLORAL,53,13,0,0,0
28,8/30/2018,FLORAL,54,14,310,0,0.5
28,8/30/2018,FLORAL,55,15,265,0,0.5
28,8/30/2018,FLORAL,56,16,320,0,0.5
28,8/30/2018,FLORAL,57,17,495,0,0.75
28,8/30/2018,FLORAL,58,18,345,0,0.5
28,8/30/2018,FLORAL,59,19,750,0,1
28,8/30/2018,FLORAL,60,20,0,0,0
29,9/2/2018,FLORAL,41,1,686.5,0,1
29,9/2/2018,FLORAL,42,2,673.4,0,0.8
29,9/2/2018,FLORAL,43,3,612,0,1
29,9/2/2018,FLORAL,44,4,96,0,0.2
29,9/2/2018,FLORAL,45,5,565,0,1
29,9/2/2018,FLORAL,46,6,0,0,0
29,9/2/2018,FLORAL,47,7,0,0,0
29,9/2/2018,FLORAL,48,8,0,0,0
29,9/2/2018,FLORAL,49,9,424.3333333,0,0.666666667
29,9/2/2018,FLORAL,50,10,0,0,0
29,9/2/2018,FLORAL,51,11,0,0,0
29,9/2/2018,FLORAL,52,12,233.3333333,0,0.333333333
29,9/2/2018,FLORAL,53,13,0,0,0
29,9/2/2018,FLORAL,54,14,331,0,0.5
29,9/2/2018,FLORAL,55,15,264,0,0.5
29,9/2/2018,FLORAL,56,16,367.25,0,0.5
29,9/2/2018,FLORAL,57,17,518.5,0,0.75
29,9/2/2018,FLORAL,58,18,357,0,0.5
29,9/2/2018,FLORAL,59,19,650,0,1
29,9/2/2018,FLORAL,60,20,0,0,0
30,9/6/2018,FLORAL,41,1,702.5,0,1
30,9/6/2018,FLORAL,42,2,660,0,0.8
30,9/6/2018,FLORAL,43,3,0,0,0
30,9/6/2018,FLORAL,44,4,0,0,0
30,9/6/2018,FLORAL,45,5,0,0,0
30,9/6/2018,FLORAL,46,6,0,0,0
30,9/6/2018,FLORAL,47,7,0,0,0
30,9/6/2018,FLORAL,48,8,0,0,0
30,9/6/2018,FLORAL,49,9,0,0,0
30,9/6/2018,FLORAL,50,10,0,0,0
30,9/6/2018,FLORAL,51,11,0,0,0
30,9/6/2018,FLORAL,52,12,233.3333333,0,0.333333333
30,9/6/2018,FLORAL,53,13,0,0,0
30,9/6/2018,FLORAL,54,14,290,0,0
30,9/6/2018,FLORAL,55,15,265,0,0
30,9/6/2018,FLORAL,56,16,319.25,0,0
30,9/6/2018,FLORAL,57,17,487.5,0,0.25
30,9/6/2018,FLORAL,58,18,307.5,0,0
30,9/6/2018,FLORAL,59,19,648,0,1
30,9/6/2018,FLORAL,60,20,0,0,0
31,9/9/2018,FLORAL,41,1,718,0,1
31,9/9/2018,FLORAL,42,2,655,0,0.8
31,9/9/2018,FLORAL,43,3,0,0,0
31,9/9/2018,FLORAL,44,4,0,0,0
31,9/9/2018,FLORAL,45,5,0,0,0
31,9/9/2018,FLORAL,46,6,0,0,0
31,9/9/2018,FLORAL,47,7,0,0,0
31,9/9/2018,FLORAL,48,8,0,0,0
31,9/9/2018,FLORAL,49,9,0,0,0
31,9/9/2018,FLORAL,50,10,0,0,0
31,9/9/2018,FLORAL,51,11,0,0,0
31,9/9/2018,FLORAL,52,12,232.3333333,0,0.333333333
31,9/9/2018,FLORAL,53,13,0,0,0
31,9/9/2018,FLORAL,54,14,297.5,0,0
31,9/9/2018,FLORAL,55,15,282.5,0,0
31,9/9/2018,FLORAL,56,16,338.5,0,0
31,9/9/2018,FLORAL,57,17,505,0,0.25
31,9/9/2018,FLORAL,58,18,338.25,0,0
31,9/9/2018,FLORAL,59,19,655,0,1
31,9/9/2018,FLORAL,60,20,0,0,0
32,9/13/2018,FLORAL,41,1,681.5,0,1
32,9/13/2018,FLORAL,42,2,485,0,0.6
32,9/13/2018,FLORAL,43,3,0,0,0
32,9/13/2018,FLORAL,44,4,0,0,0
32,9/13/2018,FLORAL,45,5,0,0,0
32,9/13/2018,FLORAL,46,6,0,0,0
32,9/13/2018,FLORAL,47,7,0,0,0
32,9/13/2018,FLORAL,48,8,0,0,0
32,9/13/2018,FLORAL,49,9,0,0,0
32,9/13/2018,FLORAL,50,10,0,0,0
32,9/13/2018,FLORAL,51,11,0,0,0
32,9/13/2018,FLORAL,52,12,0,0,0
32,9/13/2018,FLORAL,53,13,0,0,0
32,9/13/2018,FLORAL,54,14,0,0,0
32,9/13/2018,FLORAL,55,15,0,0,0
32,9/13/2018,FLORAL,56,16,0,0,0
32,9/13/2018,FLORAL,57,17,157.5,0,0.25
32,9/13/2018,FLORAL,58,18,0,0,0
32,9/13/2018,FLORAL,59,19,653,0,1
32,9/13/2018,FLORAL,60,20,0,0,0
33,9/16/2018,FLORAL,41,1,686.5,0,1
33,9/16/2018,FLORAL,42,2,519.4,0,0.6
33,9/16/2018,FLORAL,43,3,0,0,0
33,9/16/2018,FLORAL,44,4,0,0,0
33,9/16/2018,FLORAL,45,5,0,0,0
33,9/16/2018,FLORAL,46,6,0,0,0
33,9/16/2018,FLORAL,47,7,0,0,0
33,9/16/2018,FLORAL,48,8,0,0,0
33,9/16/2018,FLORAL,49,9,0,0,0
33,9/16/2018,FLORAL,50,10,0,0,0
33,9/16/2018,FLORAL,51,11,0,0,0
33,9/16/2018,FLORAL,52,12,0,0,0
33,9/16/2018,FLORAL,53,13,0,0,0
33,9/16/2018,FLORAL,54,14,0,0,0
33,9/16/2018,FLORAL,55,15,0,0,0
33,9/16/2018,FLORAL,56,16,0,0,0
33,9/16/2018,FLORAL,57,17,167.5,0,0.25
33,9/16/2018,FLORAL,58,18,0,0,0
33,9/16/2018,FLORAL,59,19,650,0,1
33,9/16/2018,FLORAL,60,20,0,0,0
3,6/3/2018,EXTREME,21,1,232.5,0,1
3,6/3/2018,EXTREME,22,2,320.5,0,1
3,6/3/2018,EXTREME,23,3,265,0,1
3,6/3/2018,EXTREME,24,4,372,0,1
3,6/3/2018,EXTREME,25,5,213,0,1
3,6/3/2018,EXTREME,26,6,204,0,1
3,6/3/2018,EXTREME,27,7,169,0,1
3,6/3/2018,EXTREME,28,8,214.3333333,0,1
3,6/3/2018,EXTREME,29,9,226.5,0,0.5
3,6/3/2018,EXTREME,30,10,226.8,0,0.6
3,6/3/2018,EXTREME,31,11,77.5,0,0.5
3,6/3/2018,EXTREME,32,12,216.25,0,0.75
3,6/3/2018,EXTREME,33,13,244.5,0,1
3,6/3/2018,EXTREME,34,14,298,0,1
3,6/3/2018,EXTREME,35,15,451,0,1
3,6/3/2018,EXTREME,36,16,209,0,1
3,6/3/2018,EXTREME,37,17,279,0,1
3,6/3/2018,EXTREME,38,18,53,0,0
3,6/3/2018,EXTREME,39,19,253.3333333,0,1
3,6/3/2018,EXTREME,40,20,142,0,1
4,6/6/2018,EXTREME,21,1,250.5,0,1
4,6/6/2018,EXTREME,22,2,395.5,0,1
4,6/6/2018,EXTREME,23,3,266,0,1
4,6/6/2018,EXTREME,24,4,396,0,1
4,6/6/2018,EXTREME,25,5,208,0,1
4,6/6/2018,EXTREME,26,6,199.5,0,1
4,6/6/2018,EXTREME,27,7,68,0,1
4,6/6/2018,EXTREME,28,8,152.3333333,0,1
4,6/6/2018,EXTREME,29,9,238,0,0.25
4,6/6/2018,EXTREME,30,10,263.8,0,0.6
4,6/6/2018,EXTREME,31,11,74,0,0.5
4,6/6/2018,EXTREME,32,12,186.25,0,0.75
4,6/6/2018,EXTREME,33,13,352,0,1
4,6/6/2018,EXTREME,34,14,310,0,1
4,6/6/2018,EXTREME,35,15,275,0,0.5
4,6/6/2018,EXTREME,36,16,205,0,1
4,6/6/2018,EXTREME,37,17,255,0,1
4,6/6/2018,EXTREME,38,18,45,0,0
4,6/6/2018,EXTREME,39,19,305,0,1
4,6/6/2018,EXTREME,40,20,146,0,1
5,6/10/2018,EXTREME,21,1,314,0,1
5,6/10/2018,EXTREME,22,2,372.5,0,1
5,6/10/2018,EXTREME,23,3,312,0,1
5,6/10/2018,EXTREME,24,4,389,0,1
5,6/10/2018,EXTREME,25,5,261.5,0,1
5,6/10/2018,EXTREME,26,6,269,0,1
5,6/10/2018,EXTREME,27,7,209,0,1
5,6/10/2018,EXTREME,28,8,248.6666667,0,1
5,6/10/2018,EXTREME,29,9,258.25,0,0.25
5,6/10/2018,EXTREME,30,10,248,0,0.6
5,6/10/2018,EXTREME,31,11,80,0,0.5
5,6/10/2018,EXTREME,32,12,201.5,0,0.75
5,6/10/2018,EXTREME,33,13,417.5,0,1
5,6/10/2018,EXTREME,34,14,395,0,1
5,6/10/2018,EXTREME,35,15,299.5,0,0.5
5,6/10/2018,EXTREME,36,16,296,0,1
5,6/10/2018,EXTREME,37,17,315.5,0,1
5,6/10/2018,EXTREME,38,18,54,0,0
5,6/10/2018,EXTREME,39,19,480.3333333,0,1
5,6/10/2018,EXTREME,40,20,150,0,1
6,6/13/2018,EXTREME,21,1,358.5,0,1
6,6/13/2018,EXTREME,22,2,376,0,1
6,6/13/2018,EXTREME,23,3,310,0,1
6,6/13/2018,EXTREME,24,4,400,0,1
6,6/13/2018,EXTREME,25,5,316.5,0,1
6,6/13/2018,EXTREME,26,6,291.5,0,1
6,6/13/2018,EXTREME,27,7,220,0,1
6,6/13/2018,EXTREME,28,8,353.6666667,0.333333333,1
6,6/13/2018,EXTREME,29,9,238.25,0,0.25
6,6/13/2018,EXTREME,30,10,290.4,0,0.6
6,6/13/2018,EXTREME,31,11,108.5,0,0.5
6,6/13/2018,EXTREME,32,12,188,0,0.75
6,6/13/2018,EXTREME,33,13,439,0,1
6,6/13/2018,EXTREME,34,14,432,0,1
6,6/13/2018,EXTREME,35,15,301.5,0,0.5
6,6/13/2018,EXTREME,36,16,340,0,1
6,6/13/2018,EXTREME,37,17,308,0,1
6,6/13/2018,EXTREME,38,18,50,0,0
6,6/13/2018,EXTREME,39,19,373,0,1
6,6/13/2018,EXTREME,40,20,55,0,1
7,6/16/2018,EXTREME,21,1,381,0,1
7,6/16/2018,EXTREME,22,2,381.5,0,1
7,6/16/2018,EXTREME,23,3,315,0,1
7,6/16/2018,EXTREME,24,4,403,0,1
7,6/16/2018,EXTREME,25,5,346.5,0,1
7,6/16/2018,EXTREME,26,6,310,0,1
7,6/16/2018,EXTREME,27,7,248,0,1
7,6/16/2018,EXTREME,28,8,246.6666667,0,1
7,6/16/2018,EXTREME,29,9,198.5,0,0.25
7,6/16/2018,EXTREME,30,10,265.4,0.2,0.6
7,6/16/2018,EXTREME,31,11,48,0,0.5
7,6/16/2018,EXTREME,32,12,194.25,0,0.75
7,6/16/2018,EXTREME,33,13,458.5,0,1
7,6/16/2018,EXTREME,34,14,451,0,1
7,6/16/2018,EXTREME,35,15,262.5,0,0.5
7,6/16/2018,EXTREME,36,16,355,0,1
7,6/16/2018,EXTREME,37,17,332.5,0,1
7,6/16/2018,EXTREME,38,18,0,0,0
7,6/16/2018,EXTREME,39,19,374.3333333,0,1
7,6/16/2018,EXTREME,40,20,55,0,1
8,6/20/2018,EXTREME,21,1,378,0.5,1
8,6/20/2018,EXTREME,22,2,349,0,1
8,6/20/2018,EXTREME,23,3,300,0,1
8,6/20/2018,EXTREME,24,4,402,0,1
8,6/20/2018,EXTREME,25,5,392.5,0,1
8,6/20/2018,EXTREME,26,6,321,0,1
8,6/20/2018,EXTREME,27,7,250,0,1
8,6/20/2018,EXTREME,28,8,271.6666667,0,1
8,6/20/2018,EXTREME,29,9,202.5,0,0.25
8,6/20/2018,EXTREME,30,10,282.2,0,0.6
8,6/20/2018,EXTREME,31,11,47.5,0,0.5
8,6/20/2018,EXTREME,32,12,202.5,0,0.75
8,6/20/2018,EXTREME,33,13,480,0,1
8,6/20/2018,EXTREME,34,14,452,0,1
8,6/20/2018,EXTREME,35,15,273.5,0,0.5
8,6/20/2018,EXTREME,36,16,391,0,1
8,6/20/2018,EXTREME,37,17,334,0,1
8,6/20/2018,EXTREME,38,18,0,0,0
8,6/20/2018,EXTREME,39,19,547.3333333,0,1
8,6/20/2018,EXTREME,40,20,157,0,1
9,6/23/2018,EXTREME,21,1,382.5,0.5,1
9,6/23/2018,EXTREME,22,2,337.5,0,0.5
9,6/23/2018,EXTREME,23,3,303,0,1
9,6/23/2018,EXTREME,24,4,399,0,1
9,6/23/2018,EXTREME,25,5,353,0,1
9,6/23/2018,EXTREME,26,6,325.5,0,1
9,6/23/2018,EXTREME,27,7,254,0,1
9,6/23/2018,EXTREME,28,8,287.6666667,0,1
9,6/23/2018,EXTREME,29,9,203,0,0.25
9,6/23/2018,EXTREME,30,10,279.6,0,0.6
9,6/23/2018,EXTREME,31,11,48,0,0.5
9,6/23/2018,EXTREME,32,12,183.25,0,0.5
9,6/23/2018,EXTREME,33,13,467.5,0,1
9,6/23/2018,EXTREME,34,14,449,0,1
9,6/23/2018,EXTREME,35,15,281,0,0.5
9,6/23/2018,EXTREME,36,16,379,0,1
9,6/23/2018,EXTREME,37,17,325.5,0,1
9,6/23/2018,EXTREME,38,18,0,0,0
9,6/23/2018,EXTREME,39,19,558.3333333,0,1
9,6/23/2018,EXTREME,40,20,157,0,1
10,6/27/2018,EXTREME,21,1,401.5,0,1
10,6/27/2018,EXTREME,22,2,352,0,0.5
10,6/27/2018,EXTREME,23,3,305,0,1
10,6/27/2018,EXTREME,24,4,410,0,1
10,6/27/2018,EXTREME,25,5,359,0,1
10,6/27/2018,EXTREME,26,6,328,0,1
10,6/27/2018,EXTREME,27,7,253,0,1
10,6/27/2018,EXTREME,28,8,296,0,1
10,6/27/2018,EXTREME,29,9,205.75,0,0.25
10,6/27/2018,EXTREME,30,10,288,0,0.6
10,6/27/2018,EXTREME,31,11,46,0,0.5
10,6/27/2018,EXTREME,32,12,190,0,0.5
10,6/27/2018,EXTREME,33,13,490,0,1
10,6/27/2018,EXTREME,34,14,471,0,1
10,6/27/2018,EXTREME,35,15,330,0,0.5
10,6/27/2018,EXTREME,36,16,415,1,1
10,6/27/2018,EXTREME,37,17,600,0,1
10,6/27/2018,EXTREME,38,18,0,0,0
10,6/27/2018,EXTREME,39,19,551,0,1
10,6/27/2018,EXTREME,40,20,203,1,1
11,7/1/2018,EXTREME,21,1,522,0,1
11,7/1/2018,EXTREME,22,2,352.5,0,0.5
11,7/1/2018,EXTREME,23,3,300,0,1
11,7/1/2018,EXTREME,24,4,NA,NA,1
11,7/1/2018,EXTREME,25,5,444,0,1
11,7/1/2018,EXTREME,26,6,326.5,0,1
11,7/1/2018,EXTREME,27,7,230,0,1
11,7/1/2018,EXTREME,28,8,316,0,0.666666667
11,7/1/2018,EXTREME,29,9,198.25,0,0.25
11,7/1/2018,EXTREME,30,10,294.8,0,0.6
11,7/1/2018,EXTREME,31,11,308,0,0.5
11,7/1/2018,EXTREME,32,12,190,0,0.5
11,7/1/2018,EXTREME,33,13,493.5,0,1
11,7/1/2018,EXTREME,34,14,458,0,1
11,7/1/2018,EXTREME,35,15,305,0,0.5
11,7/1/2018,EXTREME,36,16,408,0,1
11,7/1/2018,EXTREME,37,17,594,0,1
11,7/1/2018,EXTREME,38,18,0,0,0
11,7/1/2018,EXTREME,39,19,542.6666667,0,1
11,7/1/2018,EXTREME,40,20,152,0,1
12,7/4/2018,EXTREME,21,1,428,0,1
12,7/4/2018,EXTREME,22,2,360,0,0.5
12,7/4/2018,EXTREME,23,3,298,0,1
12,7/4/2018,EXTREME,24,4,403,0,1
12,7/4/2018,EXTREME,25,5,405,0,1
12,7/4/2018,EXTREME,26,6,322.5,0,1
12,7/4/2018,EXTREME,27,7,229,0,1
12,7/4/2018,EXTREME,28,8,209,0,0.666666667
12,7/4/2018,EXTREME,29,9,200.5,0,0.25
12,7/4/2018,EXTREME,30,10,301.2,0,0.6
12,7/4/2018,EXTREME,31,11,0,0,0
12,7/4/2018,EXTREME,32,12,221.6666667,0,0.25
12,7/4/2018,EXTREME,33,13,508.5,0,1
12,7/4/2018,EXTREME,34,14,470,0,1
12,7/4/2018,EXTREME,35,15,316.5,0,0.5
12,7/4/2018,EXTREME,36,16,450,0,1
12,7/4/2018,EXTREME,37,17,604,0.5,1
12,7/4/2018,EXTREME,38,18,0,0,0
12,7/4/2018,EXTREME,39,19,604,0,1
12,7/4/2018,EXTREME,40,20,0,0,0
13,7/7/2018,EXTREME,21,1,415,0,1
13,7/7/2018,EXTREME,22,2,346,0,0.5
13,7/7/2018,EXTREME,23,3,298,0,1
13,7/7/2018,EXTREME,24,4,375,0,1
13,7/7/2018,EXTREME,25,5,398.5,0,1
13,7/7/2018,EXTREME,26,6,309,0,1
13,7/7/2018,EXTREME,27,7,219,0,1
13,7/7/2018,EXTREME,28,8,204.6666667,0,0.666666667
13,7/7/2018,EXTREME,29,9,196.5,0,0.25
13,7/7/2018,EXTREME,30,10,290.2,0,0.6
13,7/7/2018,EXTREME,31,11,0,0,0
13,7/7/2018,EXTREME,32,12,188,0,0.25
13,7/7/2018,EXTREME,33,13,499,0,1
13,7/7/2018,EXTREME,34,14,456,0,1
13,7/7/2018,EXTREME,35,15,309,0,0.5
13,7/7/2018,EXTREME,36,16,439,0,1
13,7/7/2018,EXTREME,37,17,292,0,0.5
13,7/7/2018,EXTREME,38,18,0,0,0
13,7/7/2018,EXTREME,39,19,371.6666667,0,0.666666667
13,7/7/2018,EXTREME,40,20,0,0,0
14,7/11/2018,EXTREME,21,1,437.5,0,1
14,7/11/2018,EXTREME,22,2,350,0,0.5
14,7/11/2018,EXTREME,23,3,290,0,1
14,7/11/2018,EXTREME,24,4,470,0,1
14,7/11/2018,EXTREME,25,5,405,0,1
14,7/11/2018,EXTREME,26,6,320,0,1
14,7/11/2018,EXTREME,27,7,235,0,1
14,7/11/2018,EXTREME,28,8,128.3333333,0,0.333333333
14,7/11/2018,EXTREME,29,9,190,0,0.25
14,7/11/2018,EXTREME,30,10,305.8,0.2,0.6
14,7/11/2018,EXTREME,31,11,0,0,0
14,7/11/2018,EXTREME,32,12,172.5,0,0.25
14,7/11/2018,EXTREME,33,13,514,0,1
14,7/11/2018,EXTREME,34,14,460,0,1
14,7/11/2018,EXTREME,35,15,313,0,0.5
14,7/11/2018,EXTREME,36,16,455,0,1
14,7/11/2018,EXTREME,37,17,240,0,0.5
14,7/11/2018,EXTREME,38,18,0,0,0
14,7/11/2018,EXTREME,39,19,395.6666667,0,0.666666667
14,7/11/2018,EXTREME,40,20,0,0,0
15,7/15/2018,EXTREME,21,1,444,0,1
15,7/15/2018,EXTREME,22,2,351.5,0,0.5
15,7/15/2018,EXTREME,23,3,292,0,1
15,7/15/2018,EXTREME,24,4,378,0,1
15,7/15/2018,EXTREME,25,5,424,0,1
15,7/15/2018,EXTREME,26,6,319.5,0,1
15,7/15/2018,EXTREME,27,7,0,0,0
15,7/15/2018,EXTREME,28,8,130,0,0.333333333
15,7/15/2018,EXTREME,29,9,200.75,0,0.25
15,7/15/2018,EXTREME,30,10,305,0,0.6
15,7/15/2018,EXTREME,31,11,0,0,0
15,7/15/2018,EXTREME,32,12,173.25,0,0.25
15,7/15/2018,EXTREME,33,13,503.5,0,1
15,7/15/2018,EXTREME,34,14,385,0,0
15,7/15/2018,EXTREME,35,15,309,0,0.5
15,7/15/2018,EXTREME,36,16,462,0,1
15,7/15/2018,EXTREME,37,17,653.5,0,0.5
15,7/15/2018,EXTREME,38,18,0,0,0
15,7/15/2018,EXTREME,39,19,396,0,0.666666667
15,7/15/2018,EXTREME,40,20,0,0,0
16,7/18/2018,EXTREME,21,1,431.5,0,1
16,7/18/2018,EXTREME,22,2,355,0.5,0.5
16,7/18/2018,EXTREME,23,3,266,0,1
16,7/18/2018,EXTREME,24,4,383,0,1
16,7/18/2018,EXTREME,25,5,440.5,0,1
16,7/18/2018,EXTREME,26,6,315,0,1
16,7/18/2018,EXTREME,27,7,166,0,0
16,7/18/2018,EXTREME,28,8,126.3333333,0,0.333333333
16,7/18/2018,EXTREME,29,9,96.5,0,0.25
16,7/18/2018,EXTREME,30,10,294.8,0,0.6
16,7/18/2018,EXTREME,31,11,0,0,0
16,7/18/2018,EXTREME,32,12,175.5,0,0.25
16,7/18/2018,EXTREME,33,13,517.5,0,1
16,7/18/2018,EXTREME,34,14,0,0,0
16,7/18/2018,EXTREME,35,15,315,0,0.5
16,7/18/2018,EXTREME,36,16,482,0,1
16,7/18/2018,EXTREME,37,17,605,0,0.5
16,7/18/2018,EXTREME,38,18,0,0,0
16,7/18/2018,EXTREME,39,19,229,0,0.333333333
16,7/18/2018,EXTREME,40,20,0,0,0
17,7/22/2018,EXTREME,21,1,407.5,0,1
17,7/22/2018,EXTREME,22,2,363.5,0,0.5
17,7/22/2018,EXTREME,23,3,0,0,0
17,7/22/2018,EXTREME,24,4,390,0,1
17,7/22/2018,EXTREME,25,5,458,0,1
17,7/22/2018,EXTREME,26,6,195,0,0.5
17,7/22/2018,EXTREME,27,7,0,0,0
17,7/22/2018,EXTREME,28,8,127.3333333,0,0.333333333
17,7/22/2018,EXTREME,29,9,207.5,0,0.25
17,7/22/2018,EXTREME,30,10,298.6,0,0.6
17,7/22/2018,EXTREME,31,11,0,0,0
17,7/22/2018,EXTREME,32,12,180,0,0.25
17,7/22/2018,EXTREME,33,13,517.5,0,1
17,7/22/2018,EXTREME,34,14,0,0,0
17,7/22/2018,EXTREME,35,15,320,0,0.5
17,7/22/2018,EXTREME,36,16,495,0,1
17,7/22/2018,EXTREME,37,17,242.5,0,0.5
17,7/22/2018,EXTREME,38,18,0,0,0
17,7/22/2018,EXTREME,39,19,231,0.333333333,0.333333333
17,7/22/2018,EXTREME,40,20,0,0,0
18,7/25/2018,EXTREME,21,1,406.5,0,1
18,7/25/2018,EXTREME,22,2,360,0,0.5
18,7/25/2018,EXTREME,23,3,0,0,0
18,7/25/2018,EXTREME,24,4,366,0,1
18,7/25/2018,EXTREME,25,5,462.5,0,1
18,7/25/2018,EXTREME,26,6,100,0,0.5
18,7/25/2018,EXTREME,27,7,0,0,0
18,7/25/2018,EXTREME,28,8,128.3333333,0,0.333333333
18,7/25/2018,EXTREME,29,9,205.5,0,0.25
18,7/25/2018,EXTREME,30,10,296.4,0,0.6
18,7/25/2018,EXTREME,31,11,0,0,0
18,7/25/2018,EXTREME,32,12,157.5,0,0.25
18,7/25/2018,EXTREME,33,13,520,0,1
18,7/25/2018,EXTREME,34,14,0,0,0
18,7/25/2018,EXTREME,35,15,310,0,0.5
18,7/25/2018,EXTREME,36,16,591,0,1
18,7/25/2018,EXTREME,37,17,291,0,0.5
18,7/25/2018,EXTREME,38,18,0,0,0
18,7/25/2018,EXTREME,39,19,221.3333333,0.333333333,0.333333333
18,7/25/2018,EXTREME,40,20,0,0,0
19,7/29/2018,EXTREME,21,1,195.5,0,1
19,7/29/2018,EXTREME,22,2,240,0,0.5
19,7/29/2018,EXTREME,23,3,0,0,0
19,7/29/2018,EXTREME,24,4,180,0,1
19,7/29/2018,EXTREME,25,5,292.5,0,1
19,7/29/2018,EXTREME,26,6,55,0,0.5
19,7/29/2018,EXTREME,27,7,0,0,0
19,7/29/2018,EXTREME,28,8,62,0,0.333333333
19,7/29/2018,EXTREME,29,9,101.75,0,0.25
19,7/29/2018,EXTREME,30,10,155.8,0,0.6
19,7/29/2018,EXTREME,31,11,0,0,0
19,7/29/2018,EXTREME,32,12,106.75,0,0.25
19,7/29/2018,EXTREME,33,13,501,0,1
19,7/29/2018,EXTREME,34,14,0,0,0
19,7/29/2018,EXTREME,35,15,161.5,0,0.5
19,7/29/2018,EXTREME,36,16,NA,NA,1
19,7/29/2018,EXTREME,37,17,148.5,0,0.5
19,7/29/2018,EXTREME,38,18,0,0,0
19,7/29/2018,EXTREME,39,19,132.6666667,0,0.333333333
19,7/29/2018,EXTREME,40,20,0,0,0
20,8/1/2018,EXTREME,21,1,175,0,1
20,8/1/2018,EXTREME,22,2,242.5,0,0.5
20,8/1/2018,EXTREME,23,3,0,0,0
20,8/1/2018,EXTREME,24,4,178,0,1
20,8/1/2018,EXTREME,25,5,250,0,1
20,8/1/2018,EXTREME,26,6,56,0,0.5
20,8/1/2018,EXTREME,27,7,0,0,0
20,8/1/2018,EXTREME,28,8,61.66666667,0,0.333333333
20,8/1/2018,EXTREME,29,9,97.5,0,0.25
20,8/1/2018,EXTREME,30,10,156,0,0.4
20,8/1/2018,EXTREME,31,11,0,0,0
20,8/1/2018,EXTREME,32,12,129,0,0.25
20,8/1/2018,EXTREME,33,13,525,0,1
20,8/1/2018,EXTREME,34,14,0,0,0
20,8/1/2018,EXTREME,35,15,162.5,0,0.5
20,8/1/2018,EXTREME,36,16,300,0,1
20,8/1/2018,EXTREME,37,17,192.5,0,0.5
20,8/1/2018,EXTREME,38,18,0,0,0
20,8/1/2018,EXTREME,39,19,142.3333333,0,0.333333333
20,8/1/2018,EXTREME,40,20,0,0,0
21,8/5/2018,EXTREME,21,1,175.5,0,0.5
21,8/5/2018,EXTREME,22,2,226.5,0,0.5
21,8/5/2018,EXTREME,23,3,0,0,0
21,8/5/2018,EXTREME,24,4,170,0,0
21,8/5/2018,EXTREME,25,5,275,0,1
21,8/5/2018,EXTREME,26,6,75,0,0
21,8/5/2018,EXTREME,27,7,0,0,0
21,8/5/2018,EXTREME,28,8,60.66666667,0,0.333333333
21,8/5/2018,EXTREME,29,9,99.25,0,0.25
21,8/5/2018,EXTREME,30,10,154,0,0.2
21,8/5/2018,EXTREME,31,11,0,0,0
21,8/5/2018,EXTREME,32,12,127.75,0,0.25
21,8/5/2018,EXTREME,33,13,506,0,1
21,8/5/2018,EXTREME,34,14,0,0,0
21,8/5/2018,EXTREME,35,15,210,0,0.5
21,8/5/2018,EXTREME,36,16,360,0,1
21,8/5/2018,EXTREME,37,17,187.5,0,0.5
21,8/5/2018,EXTREME,38,18,0,0,0
21,8/5/2018,EXTREME,39,19,141,0,0.333333333
21,8/5/2018,EXTREME,40,20,0,0,0
22,8/8/2018,EXTREME,21,1,0,0,0
22,8/8/2018,EXTREME,22,2,183.5,0,0.5
22,8/8/2018,EXTREME,23,3,0,0,0
22,8/8/2018,EXTREME,24,4,0,0,0
22,8/8/2018,EXTREME,25,5,171.5,0,0.5
22,8/8/2018,EXTREME,26,6,0,0,0
22,8/8/2018,EXTREME,27,7,0,0,0
22,8/8/2018,EXTREME,28,8,0,0,0
22,8/8/2018,EXTREME,29,9,102.5,0,0.25
22,8/8/2018,EXTREME,30,10,0,0,0
22,8/8/2018,EXTREME,31,11,0,0,0
22,8/8/2018,EXTREME,32,12,129.25,0,0.25
22,8/8/2018,EXTREME,33,13,523.5,0.5,1
22,8/8/2018,EXTREME,34,14,0,0,0
22,8/8/2018,EXTREME,35,15,174,0,0.5
22,8/8/2018,EXTREME,36,16,300,0,1
22,8/8/2018,EXTREME,37,17,150,0,0.5
22,8/8/2018,EXTREME,38,18,0,0,0
22,8/8/2018,EXTREME,39,19,116.6666667,0,0.333333333
22,8/8/2018,EXTREME,40,20,0,0,0
23,8/12/2018,EXTREME,21,1,0,0,0
23,8/12/2018,EXTREME,22,2,183,0,0.5
23,8/12/2018,EXTREME,23,3,0,0,0
23,8/12/2018,EXTREME,24,4,0,0,0
23,8/12/2018,EXTREME,25,5,204,0,0.5
23,8/12/2018,EXTREME,26,6,0,0,0
23,8/12/2018,EXTREME,27,7,0,0,0
23,8/12/2018,EXTREME,28,8,0,0,0
23,8/12/2018,EXTREME,29,9,102.5,0,0.25
23,8/12/2018,EXTREME,30,10,0,0,0
23,8/12/2018,EXTREME,31,11,0,0,0
23,8/12/2018,EXTREME,32,12,96.25,0,0.25
23,8/12/2018,EXTREME,33,13,506.5,0,1
23,8/12/2018,EXTREME,34,14,0,0,0
23,8/12/2018,EXTREME,35,15,162,0,0.5
23,8/12/2018,EXTREME,36,16,295,0,1
23,8/12/2018,EXTREME,37,17,142.5,0,0.5
23,8/12/2018,EXTREME,38,18,0,0,0
23,8/12/2018,EXTREME,39,19,112.6666667,0,0.333333333
23,8/12/2018,EXTREME,40,20,0,0,0
24,8/15/2018,EXTREME,21,1,0,0,0
24,8/15/2018,EXTREME,22,2,0,0,0
24,8/15/2018,EXTREME,23,3,0,0,0
24,8/15/2018,EXTREME,24,4,0,0,0
24,8/15/2018,EXTREME,25,5,185,0,0.5
24,8/15/2018,EXTREME,26,6,0,0,0
24,8/15/2018,EXTREME,27,7,0,0,0
24,8/15/2018,EXTREME,28,8,0,0,0
24,8/15/2018,EXTREME,29,9,102.5,0,0.25
24,8/15/2018,EXTREME,30,10,0,0,0
24,8/15/2018,EXTREME,31,11,0,0,0
24,8/15/2018,EXTREME,32,12,103.25,0,0.25
24,8/15/2018,EXTREME,33,13,504,0,1
24,8/15/2018,EXTREME,34,14,0,0,0
24,8/15/2018,EXTREME,35,15,210,0,0.5
24,8/15/2018,EXTREME,36,16,290,0,1
24,8/15/2018,EXTREME,37,17,0,0,0
24,8/15/2018,EXTREME,38,18,0,0,0
24,8/15/2018,EXTREME,39,19,143.6666667,0,0.333333333
24,8/15/2018,EXTREME,40,20,0,0,0
25,8/19/2018,EXTREME,21,1,0,0,0
25,8/19/2018,EXTREME,22,2,0,0,0
25,8/19/2018,EXTREME,23,3,0,0,0
25,8/19/2018,EXTREME,24,4,0,0,0
25,8/19/2018,EXTREME,25,5,170.5,0,0.5
25,8/19/2018,EXTREME,26,6,0,0,0
25,8/19/2018,EXTREME,27,7,0,0,0
25,8/19/2018,EXTREME,28,8,0,0,0
25,8/19/2018,EXTREME,29,9,103.75,0,0.25
25,8/19/2018,EXTREME,30,10,0,0,0
25,8/19/2018,EXTREME,31,11,0,0,0
25,8/19/2018,EXTREME,32,12,0,0,0
25,8/19/2018,EXTREME,33,13,498.5,0,1
25,8/19/2018,EXTREME,34,14,0,0,0
25,8/19/2018,EXTREME,35,15,0,0,0.5
25,8/19/2018,EXTREME,36,16,0,0,0
25,8/19/2018,EXTREME,37,17,0,0,0
25,8/19/2018,EXTREME,38,18,0,0,0
25,8/19/2018,EXTREME,39,19,116.6666667,0,0.333333333
25,8/19/2018,EXTREME,40,20,0,0,0
26,8/22/2018,EXTREME,21,1,0,0,0
26,8/22/2018,EXTREME,22,2,0,0,0
26,8/22/2018,EXTREME,23,3,0,0,0
26,8/22/2018,EXTREME,24,4,0,0,0
26,8/22/2018,EXTREME,25,5,170,0,0
26,8/22/2018,EXTREME,26,6,0,0,0
26,8/22/2018,EXTREME,27,7,0,0,0
26,8/22/2018,EXTREME,28,8,0,0,0
26,8/22/2018,EXTREME,29,9,100.75,0,0
26,8/22/2018,EXTREME,30,10,0,0,0
26,8/22/2018,EXTREME,31,11,0,0,0
26,8/22/2018,EXTREME,32,12,0,0,0
26,8/22/2018,EXTREME,33,13,504.5,0,1
26,8/22/2018,EXTREME,34,14,0,0,0
26,8/22/2018,EXTREME,35,15,180,0,0.5
26,8/22/2018,EXTREME,36,16,0,0,0
26,8/22/2018,EXTREME,37,17,0,0,0
26,8/22/2018,EXTREME,38,18,0,0,0
26,8/22/2018,EXTREME,39,19,115,0,0.333333333
26,8/22/2018,EXTREME,40,20,0,0,0
27,8/26/2018,EXTREME,21,1,0,0,0
27,8/26/2018,EXTREME,22,2,0,0,0
27,8/26/2018,EXTREME,23,3,0,0,0
27,8/26/2018,EXTREME,24,4,0,0,0
27,8/26/2018,EXTREME,25,5,0,0,0
27,8/26/2018,EXTREME,26,6,0,0,0
27,8/26/2018,EXTREME,27,7,0,0,0
27,8/26/2018,EXTREME,28,8,0,0,0
27,8/26/2018,EXTREME,29,9,0,0,0
27,8/26/2018,EXTREME,30,10,0,0,0
27,8/26/2018,EXTREME,31,11,0,0,0
27,8/26/2018,EXTREME,32,12,0,0,0
27,8/26/2018,EXTREME,33,13,513,0,1
27,8/26/2018,EXTREME,34,14,0,0,0
27,8/26/2018,EXTREME,35,15,162.5,0,0.5
27,8/26/2018,EXTREME,36,16,0,0,0
27,8/26/2018,EXTREME,37,17,0,0,0
27,8/26/2018,EXTREME,38,18,0,0,0
27,8/26/2018,EXTREME,39,19,111.6666667,0,0.333333333
27,8/26/2018,EXTREME,40,20,0,0,0
28,8/30/2018,EXTREME,21,1,0,0,0
28,8/30/2018,EXTREME,22,2,0,0,0
28,8/30/2018,EXTREME,23,3,0,0,0
28,8/30/2018,EXTREME,24,4,0,0,0
28,8/30/2018,EXTREME,25,5,0,0,0
28,8/30/2018,EXTREME,26,6,0,0,0
28,8/30/2018,EXTREME,27,7,0,0,0
28,8/30/2018,EXTREME,28,8,0,0,0
28,8/30/2018,EXTREME,29,9,0,0,0
28,8/30/2018,EXTREME,30,10,0,0,0
28,8/30/2018,EXTREME,31,11,0,0,0
28,8/30/2018,EXTREME,32,12,0,0,0
28,8/30/2018,EXTREME,33,13,507.5,0,1
28,8/30/2018,EXTREME,34,14,0,0,0
28,8/30/2018,EXTREME,35,15,162.5,0,0.5
28,8/30/2018,EXTREME,36,16,0,0,0
28,8/30/2018,EXTREME,37,17,0,0,0
28,8/30/2018,EXTREME,38,18,0,0,0
28,8/30/2018,EXTREME,39,19,0,0,0
28,8/30/2018,EXTREME,40,20,0,0,0
29,9/2/2018,EXTREME,21,1,0,0,0
29,9/2/2018,EXTREME,22,2,0,0,0
29,9/2/2018,EXTREME,23,3,0,0,0
29,9/2/2018,EXTREME,24,4,0,0,0
29,9/2/2018,EXTREME,25,5,0,0,0
29,9/2/2018,EXTREME,26,6,0,0,0
29,9/2/2018,EXTREME,27,7,0,0,0
29,9/2/2018,EXTREME,28,8,0,0,0
29,9/2/2018,EXTREME,29,9,0,0,0
29,9/2/2018,EXTREME,30,10,0,0,0
29,9/2/2018,EXTREME,31,11,0,0,0
29,9/2/2018,EXTREME,32,12,0,0,0
29,9/2/2018,EXTREME,33,13,460.5,0,1
29,9/2/2018,EXTREME,34,14,0,0,0
29,9/2/2018,EXTREME,35,15,160,0,0.5
29,9/2/2018,EXTREME,36,16,0,0,0
29,9/2/2018,EXTREME,37,17,0,0,0
29,9/2/2018,EXTREME,38,18,0,0,0
29,9/2/2018,EXTREME,39,19,0,0,0
29,9/2/2018,EXTREME,40,20,0,0,0
30,9/6/2018,EXTREME,21,1,0,0,0
30,9/6/2018,EXTREME,22,2,0,0,0
30,9/6/2018,EXTREME,23,3,0,0,0
30,9/6/2018,EXTREME,24,4,0,0,0
30,9/6/2018,EXTREME,25,5,0,0,0
30,9/6/2018,EXTREME,26,6,0,0,0
30,9/6/2018,EXTREME,27,7,0,0,0
30,9/6/2018,EXTREME,28,8,0,0,0
30,9/6/2018,EXTREME,29,9,0,0,0
30,9/6/2018,EXTREME,30,10,0,0,0
30,9/6/2018,EXTREME,31,11,0,0,0
30,9/6/2018,EXTREME,32,12,0,0,0
30,9/6/2018,EXTREME,33,13,232.5,0,0.5
30,9/6/2018,EXTREME,34,14,0,0,0
30,9/6/2018,EXTREME,35,15,162.5,0,0
30,9/6/2018,EXTREME,36,16,0,0,0
30,9/6/2018,EXTREME,37,17,0,0,0
30,9/6/2018,EXTREME,38,18,0,0,0
30,9/6/2018,EXTREME,39,19,0,0,0
30,9/6/2018,EXTREME,40,20,0,0,0
31,9/9/2018,EXTREME,21,1,0,0,0
31,9/9/2018,EXTREME,22,2,0,0,0
31,9/9/2018,EXTREME,23,3,0,0,0
31,9/9/2018,EXTREME,24,4,0,0,0
31,9/9/2018,EXTREME,25,5,0,0,0
31,9/9/2018,EXTREME,26,6,0,0,0
31,9/9/2018,EXTREME,27,7,0,0,0
31,9/9/2018,EXTREME,28,8,0,0,0
31,9/9/2018,EXTREME,29,9,0,0,0
31,9/9/2018,EXTREME,30,10,0,0,0
31,9/9/2018,EXTREME,31,11,0,0,0
31,9/9/2018,EXTREME,32,12,0,0,0
31,9/9/2018,EXTREME,33,13,232,0,0.5
31,9/9/2018,EXTREME,34,14,0,0,0
31,9/9/2018,EXTREME,35,15,162.5,0,0
31,9/9/2018,EXTREME,36,16,0,0,0
31,9/9/2018,EXTREME,37,17,0,0,0
31,9/9/2018,EXTREME,38,18,0,0,0
31,9/9/2018,EXTREME,39,19,0,0,0
31,9/9/2018,EXTREME,40,20,0,0,0
32,9/13/2018,EXTREME,21,1,0,0,0
32,9/13/2018,EXTREME,22,2,0,0,0
32,9/13/2018,EXTREME,23,3,0,0,0
32,9/13/2018,EXTREME,24,4,0,0,0
32,9/13/2018,EXTREME,25,5,0,0,0
32,9/13/2018,EXTREME,26,6,0,0,0
32,9/13/2018,EXTREME,27,7,0,0,0
32,9/13/2018,EXTREME,28,8,0,0,0
32,9/13/2018,EXTREME,29,9,0,0,0
32,9/13/2018,EXTREME,30,10,0,0,0
32,9/13/2018,EXTREME,31,11,0,0,0
32,9/13/2018,EXTREME,32,12,0,0,0
32,9/13/2018,EXTREME,33,13,0,0,0
32,9/13/2018,EXTREME,34,14,0,0,0
32,9/13/2018,EXTREME,35,15,0,0,0
32,9/13/2018,EXTREME,36,16,0,0,0
32,9/13/2018,EXTREME,37,17,0,0,0
32,9/13/2018,EXTREME,38,18,0,0,0
32,9/13/2018,EXTREME,39,19,0,0,0
32,9/13/2018,EXTREME,40,20,0,0,0
33,9/16/2018,EXTREME,21,1,0,0,0
33,9/16/2018,EXTREME,22,2,0,0,0
33,9/16/2018,EXTREME,23,3,0,0,0
33,9/16/2018,EXTREME,24,4,0,0,0
33,9/16/2018,EXTREME,25,5,0,0,0
33,9/16/2018,EXTREME,26,6,0,0,0
33,9/16/2018,EXTREME,27,7,0,0,0
33,9/16/2018,EXTREME,28,8,0,0,0
33,9/16/2018,EXTREME,29,9,0,0,0
33,9/16/2018,EXTREME,30,10,0,0,0
33,9/16/2018,EXTREME,31,11,0,0,0
33,9/16/2018,EXTREME,32,12,0,0,0
33,9/16/2018,EXTREME,33,13,0,0,0
33,9/16/2018,EXTREME,34,14,0,0,0
33,9/16/2018,EXTREME,35,15,0,0,0
33,9/16/2018,EXTREME,36,16,0,0,0
33,9/16/2018,EXTREME,37,17,0,0,0
33,9/16/2018,EXTREME,38,18,0,0,0
33,9/16/2018,EXTREME,39,19,0,0,0
33,9/16/2018,EXTREME,40,20,0,0,0
3,6/3/2018,CONTROL,1,1,457.5,0,1
3,6/3/2018,CONTROL,2,2,441,0,1
3,6/3/2018,CONTROL,3,3,519.5,0,1
3,6/3/2018,CONTROL,4,4,418,0,1
3,6/3/2018,CONTROL,5,5,564,0,1
3,6/3/2018,CONTROL,6,6,546.5,0,1
3,6/3/2018,CONTROL,7,7,570,0,1
3,6/3/2018,CONTROL,8,8,510,0,1
3,6/3/2018,CONTROL,9,9,554.5,0,1
3,6/3/2018,CONTROL,10,10,357,0,1
3,6/3/2018,CONTROL,11,11,411,0,0.8
3,6/3/2018,CONTROL,12,12,545,0,1
3,6/3/2018,CONTROL,13,13,629.25,0,1
3,6/3/2018,CONTROL,14,14,648,0,1
3,6/3/2018,CONTROL,15,15,593.5,0,1
3,6/3/2018,CONTROL,16,16,614,0,1
3,6/3/2018,CONTROL,17,17,660,0,1
3,6/3/2018,CONTROL,18,18,590.3333333,0,1
3,6/3/2018,CONTROL,19,19,504,0,1
3,6/3/2018,CONTROL,20,20,308.5,1,1
4,6/6/2018,CONTROL,1,1,486,0,1
4,6/6/2018,CONTROL,2,2,462,0,1
4,6/6/2018,CONTROL,3,3,551.5,0,1
4,6/6/2018,CONTROL,4,4,452,0,1
4,6/6/2018,CONTROL,5,5,589,0,1
4,6/6/2018,CONTROL,6,6,576,0,1
4,6/6/2018,CONTROL,7,7,597,0,1
4,6/6/2018,CONTROL,8,8,525.75,0,1
4,6/6/2018,CONTROL,9,9,591.5,0,1
4,6/6/2018,CONTROL,10,10,375,0,1
4,6/6/2018,CONTROL,11,11,422,0,0.8
4,6/6/2018,CONTROL,12,12,581.6666667,0.333333333,1
4,6/6/2018,CONTROL,13,13,648.75,0,1
4,6/6/2018,CONTROL,14,14,660,0,1
4,6/6/2018,CONTROL,15,15,628,0,1
4,6/6/2018,CONTROL,16,16,626.5,0.5,1
4,6/6/2018,CONTROL,17,17,684.6666667,0.333333333,1
4,6/6/2018,CONTROL,18,18,617,0,1
4,6/6/2018,CONTROL,19,19,528,0.5,1
4,6/6/2018,CONTROL,20,20,348.5,0,1
5,6/10/2018,CONTROL,1,1,524.5,0,1
5,6/10/2018,CONTROL,2,2,454,0,1
5,6/10/2018,CONTROL,3,3,567,0.5,1
5,6/10/2018,CONTROL,4,4,483,0,1
5,6/10/2018,CONTROL,5,5,611,0,1
5,6/10/2018,CONTROL,6,6,598.5,0,1
5,6/10/2018,CONTROL,7,7,648,0,1
5,6/10/2018,CONTROL,8,8,679,0,1
5,6/10/2018,CONTROL,9,9,604.5,0,1
5,6/10/2018,CONTROL,10,10,392,0,1
5,6/10/2018,CONTROL,11,11,473.2,0,0.8
5,6/10/2018,CONTROL,12,12,621,0,1
5,6/10/2018,CONTROL,13,13,673.5,0,1
5,6/10/2018,CONTROL,14,14,683,0,1
5,6/10/2018,CONTROL,15,15,669.5,0.5,1
5,6/10/2018,CONTROL,16,16,648.5,0,1
5,6/10/2018,CONTROL,17,17,718,0,1
5,6/10/2018,CONTROL,18,18,651.6666667,0,1
5,6/10/2018,CONTROL,19,19,550,0.5,1
5,6/10/2018,CONTROL,20,20,398.5,0,1
6,6/13/2018,CONTROL,1,1,568,0,1
6,6/13/2018,CONTROL,2,2,480,0,1
6,6/13/2018,CONTROL,3,3,588.5,0.5,1
6,6/13/2018,CONTROL,4,4,500,0,1
6,6/13/2018,CONTROL,5,5,647,0,1
6,6/13/2018,CONTROL,6,6,630.5,0,1
6,6/13/2018,CONTROL,7,7,655,0,1
6,6/13/2018,CONTROL,8,8,706.3333333,0,1
6,6/13/2018,CONTROL,9,9,639,0,1
6,6/13/2018,CONTROL,10,10,404.5,0,1
6,6/13/2018,CONTROL,11,11,470,0.2,0.8
6,6/13/2018,CONTROL,12,12,634.6666667,0,1
6,6/13/2018,CONTROL,13,13,686.5,0.25,1
6,6/13/2018,CONTROL,14,14,683,0,1
6,6/13/2018,CONTROL,15,15,681,0,1
6,6/13/2018,CONTROL,16,16,662.5,0,1
6,6/13/2018,CONTROL,17,17,731.6666667,0,1
6,6/13/2018,CONTROL,18,18,656,0,1
6,6/13/2018,CONTROL,19,19,567,0,1
6,6/13/2018,CONTROL,20,20,420.5,0,1
7,6/16/2018,CONTROL,1,1,582,0,1
7,6/16/2018,CONTROL,2,2,480,0,1
7,6/16/2018,CONTROL,3,3,597,0,1
7,6/16/2018,CONTROL,4,4,501,0,1
7,6/16/2018,CONTROL,5,5,648,0,1
7,6/16/2018,CONTROL,6,6,653.5,0,1
7,6/16/2018,CONTROL,7,7,655,0,1
7,6/16/2018,CONTROL,8,8,721,0,1
7,6/16/2018,CONTROL,9,9,657,0,1
7,6/16/2018,CONTROL,10,10,404,0.5,1
7,6/16/2018,CONTROL,11,11,480.2,0,0.8
7,6/16/2018,CONTROL,12,12,648.6666667,0,1
7,6/16/2018,CONTROL,13,13,698.75,0.25,1
7,6/16/2018,CONTROL,14,14,699,0,1
7,6/16/2018,CONTROL,15,15,693,0,1
7,6/16/2018,CONTROL,16,16,670,0,1
7,6/16/2018,CONTROL,17,17,750,0,1
7,6/16/2018,CONTROL,18,18,674.6666667,0.333333333,1
7,6/16/2018,CONTROL,19,19,571,0,1
7,6/16/2018,CONTROL,20,20,427,0,1
8,6/20/2018,CONTROL,1,1,626,0,1
8,6/20/2018,CONTROL,2,2,494,0,1
8,6/20/2018,CONTROL,3,3,605,0,1
8,6/20/2018,CONTROL,4,4,527,0,1
8,6/20/2018,CONTROL,5,5,670,0,1
8,6/20/2018,CONTROL,6,6,667.5,0,1
8,6/20/2018,CONTROL,7,7,687,0,1
8,6/20/2018,CONTROL,8,8,739,0,1
8,6/20/2018,CONTROL,9,9,658,0,1
8,6/20/2018,CONTROL,10,10,415,0,1
8,6/20/2018,CONTROL,11,11,500.6,0,0.8
8,6/20/2018,CONTROL,12,12,644.3333333,0,1
8,6/20/2018,CONTROL,13,13,711.75,0,1
8,6/20/2018,CONTROL,14,14,709,0,1
8,6/20/2018,CONTROL,15,15,712.5,0,1
8,6/20/2018,CONTROL,16,16,670.5,0,1
8,6/20/2018,CONTROL,17,17,766,0,1
8,6/20/2018,CONTROL,18,18,684.6666667,0,1
8,6/20/2018,CONTROL,19,19,591,0,1
8,6/20/2018,CONTROL,20,20,437.5,0,1
9,6/23/2018,CONTROL,1,1,635,0,1
9,6/23/2018,CONTROL,2,2,491,0,1
9,6/23/2018,CONTROL,3,3,608.5,0,1
9,6/23/2018,CONTROL,4,4,529,0,1
9,6/23/2018,CONTROL,5,5,653,0,1
9,6/23/2018,CONTROL,6,6,589,0,1
9,6/23/2018,CONTROL,7,7,690,0,1
9,6/23/2018,CONTROL,8,8,747.3333333,0,1
9,6/23/2018,CONTROL,9,9,672.5,0,1
9,6/23/2018,CONTROL,10,10,411.5,0,1
9,6/23/2018,CONTROL,11,11,484.6,0,0.8
9,6/23/2018,CONTROL,12,12,640,0.666666667,1
9,6/23/2018,CONTROL,13,13,693.75,0.25,1
9,6/23/2018,CONTROL,14,14,693,0,1
9,6/23/2018,CONTROL,15,15,690,0,1
9,6/23/2018,CONTROL,16,16,631.5,0.5,1
9,6/23/2018,CONTROL,17,17,743,0,1
9,6/23/2018,CONTROL,18,18,656.3333333,0,1
9,6/23/2018,CONTROL,19,19,581.5,0,1
9,6/23/2018,CONTROL,20,20,435.5,0,1
10,6/27/2018,CONTROL,1,1,653.5,0,1
10,6/27/2018,CONTROL,2,2,490,0,1
10,6/27/2018,CONTROL,3,3,618.5,0,1
10,6/27/2018,CONTROL,4,4,530,0,1
10,6/27/2018,CONTROL,5,5,660,0,1
10,6/27/2018,CONTROL,6,6,680,0,1
10,6/27/2018,CONTROL,7,7,700,0,1
10,6/27/2018,CONTROL,8,8,746.6666667,0,1
10,6/27/2018,CONTROL,9,9,577.5,0,1
10,6/27/2018,CONTROL,10,10,430,0,1
10,6/27/2018,CONTROL,11,11,499.8,0,0.8
10,6/27/2018,CONTROL,12,12,660,0,1
10,6/27/2018,CONTROL,13,13,720,0.25,1
10,6/27/2018,CONTROL,14,14,680,0,1
10,6/27/2018,CONTROL,15,15,722.5,0,1
10,6/27/2018,CONTROL,16,16,641.5,0,1
10,6/27/2018,CONTROL,17,17,752,0,1
10,6/27/2018,CONTROL,18,18,622.3333333,0,1
10,6/27/2018,CONTROL,19,19,592,0,1
10,6/27/2018,CONTROL,20,20,427.5,0,1
11,7/1/2018,CONTROL,1,1,645.5,0,1
11,7/1/2018,CONTROL,2,2,495,0,1
11,7/1/2018,CONTROL,3,3,611,0,1
11,7/1/2018,CONTROL,4,4,521,0,1
11,7/1/2018,CONTROL,5,5,658,0,1
11,7/1/2018,CONTROL,6,6,678.5,0,1
11,7/1/2018,CONTROL,7,7,702,0,1
11,7/1/2018,CONTROL,8,8,750.3333333,0,1
11,7/1/2018,CONTROL,9,9,703,0,1
11,7/1/2018,CONTROL,10,10,431.5,0.5,1
11,7/1/2018,CONTROL,11,11,507.6,0,0.8
11,7/1/2018,CONTROL,12,12,676,0,1
11,7/1/2018,CONTROL,13,13,713.5,0,1
11,7/1/2018,CONTROL,14,14,688,0,1
11,7/1/2018,CONTROL,15,15,706.5,0,1
11,7/1/2018,CONTROL,16,16,664,0,1
11,7/1/2018,CONTROL,17,17,755.6666667,0,1
11,7/1/2018,CONTROL,18,18,660,0,1
11,7/1/2018,CONTROL,19,19,594,0,1
11,7/1/2018,CONTROL,20,20,421,0,1
12,7/4/2018,CONTROL,1,1,664.5,0,1
12,7/4/2018,CONTROL,2,2,596,0,1
12,7/4/2018,CONTROL,3,3,619,0,1
12,7/4/2018,CONTROL,4,4,530,0,1
12,7/4/2018,CONTROL,5,5,665,0,1
12,7/4/2018,CONTROL,6,6,680,0,1
12,7/4/2018,CONTROL,7,7,703,0,1
12,7/4/2018,CONTROL,8,8,754,0,1
12,7/4/2018,CONTROL,9,9,670,0,1
12,7/4/2018,CONTROL,10,10,432,0,1
12,7/4/2018,CONTROL,11,11,515,0,0.8
12,7/4/2018,CONTROL,12,12,663.3333333,0,1
12,7/4/2018,CONTROL,13,13,728.75,0,1
12,7/4/2018,CONTROL,14,14,715,0,1
12,7/4/2018,CONTROL,15,15,727.5,0,1
12,7/4/2018,CONTROL,16,16,689,0,1
12,7/4/2018,CONTROL,17,17,775,0,1
12,7/4/2018,CONTROL,18,18,679.6666667,0,1
12,7/4/2018,CONTROL,19,19,591,0,1
12,7/4/2018,CONTROL,20,20,432.5,0,1
13,7/7/2018,CONTROL,1,1,632.5,0.5,1
13,7/7/2018,CONTROL,2,2,471,0,1
13,7/7/2018,CONTROL,3,3,599.5,0,1
13,7/7/2018,CONTROL,4,4,514,0,1
13,7/7/2018,CONTROL,5,5,621,0,1
13,7/7/2018,CONTROL,6,6,654,0,1
13,7/7/2018,CONTROL,7,7,696,0,1
13,7/7/2018,CONTROL,8,8,733,0,1
13,7/7/2018,CONTROL,9,9,632,0,1
13,7/7/2018,CONTROL,10,10,427.5,0,1
13,7/7/2018,CONTROL,11,11,517,0,0.8
13,7/7/2018,CONTROL,12,12,645.3333333,0.333333333,1
13,7/7/2018,CONTROL,13,13,706.5,0.25,1
13,7/7/2018,CONTROL,14,14,666,0,1
13,7/7/2018,CONTROL,15,15,751,0,1
13,7/7/2018,CONTROL,16,16,664,0,1
13,7/7/2018,CONTROL,17,17,762.6666667,0,1
13,7/7/2018,CONTROL,18,18,663,0,1
13,7/7/2018,CONTROL,19,19,581.5,0,1
13,7/7/2018,CONTROL,20,20,416.5,0,1
14,7/11/2018,CONTROL,1,1,636,0,1
14,7/11/2018,CONTROL,2,2,490,1,1
14,7/11/2018,CONTROL,3,3,600,0,1
14,7/11/2018,CONTROL,4,4,540,0,1
14,7/11/2018,CONTROL,5,5,655,1,1
14,7/11/2018,CONTROL,6,6,670,0,1
14,7/11/2018,CONTROL,7,7,570,0,1
14,7/11/2018,CONTROL,8,8,738.3333333,0.333333333,1
14,7/11/2018,CONTROL,9,9,635,0,1
14,7/11/2018,CONTROL,10,10,NA,NA,1
14,7/11/2018,CONTROL,11,11,530.2,0,0.8
14,7/11/2018,CONTROL,12,12,662.3333333,0,1
14,7/11/2018,CONTROL,13,13,732,0,1
14,7/11/2018,CONTROL,14,14,712,0,1
14,7/11/2018,CONTROL,15,15,728,0,1
14,7/11/2018,CONTROL,16,16,678.5,0,1
14,7/11/2018,CONTROL,17,17,774.3333333,0,1
14,7/11/2018,CONTROL,18,18,675,0,1
14,7/11/2018,CONTROL,19,19,592.5,0,1
14,7/11/2018,CONTROL,20,20,435,0,1
15,7/15/2018,CONTROL,1,1,661,0.5,1
15,7/15/2018,CONTROL,2,2,480,0,1
15,7/15/2018,CONTROL,3,3,600,0.5,1
15,7/15/2018,CONTROL,4,4,528,0,1
15,7/15/2018,CONTROL,5,5,648,0,1
15,7/15/2018,CONTROL,6,6,631.5,0,1
15,7/15/2018,CONTROL,7,7,675,0,1
15,7/15/2018,CONTROL,8,8,753.3333333,0,1
15,7/15/2018,CONTROL,9,9,653.5,0,1
15,7/15/2018,CONTROL,10,10,433.5,0,1
15,7/15/2018,CONTROL,11,11,514.6,0,0.8
15,7/15/2018,CONTROL,12,12,648.3333333,0,1
15,7/15/2018,CONTROL,13,13,705.75,0.5,1
15,7/15/2018,CONTROL,14,14,692,0,1
15,7/15/2018,CONTROL,15,15,717,0,1
15,7/15/2018,CONTROL,16,16,668.5,0.5,1
15,7/15/2018,CONTROL,17,17,762.6666667,0,1
15,7/15/2018,CONTROL,18,18,658.3333333,0,1
15,7/15/2018,CONTROL,19,19,586.5,0,1
15,7/15/2018,CONTROL,20,20,421,0,1
16,7/18/2018,CONTROL,1,1,650,0,1
16,7/18/2018,CONTROL,2,2,481,0,1
16,7/18/2018,CONTROL,3,3,622,0,1
16,7/18/2018,CONTROL,4,4,536,0,1
16,7/18/2018,CONTROL,5,5,670,1,1
16,7/18/2018,CONTROL,6,6,682,0,1
16,7/18/2018,CONTROL,7,7,689,0,1
16,7/18/2018,CONTROL,8,8,750,0,1
16,7/18/2018,CONTROL,9,9,671.5,0,1
16,7/18/2018,CONTROL,10,10,586,0,1
16,7/18/2018,CONTROL,11,11,536,0,0.8
16,7/18/2018,CONTROL,12,12,661.6666667,0,1
16,7/18/2018,CONTROL,13,13,736,0,1
16,7/18/2018,CONTROL,14,14,702,1,1
16,7/18/2018,CONTROL,15,15,729,0,1
16,7/18/2018,CONTROL,16,16,680,0.5,1
16,7/18/2018,CONTROL,17,17,781.3333333,0,1
16,7/18/2018,CONTROL,18,18,684,0.333333333,1
16,7/18/2018,CONTROL,19,19,597.5,0,1
16,7/18/2018,CONTROL,20,20,451.5,0,1
17,7/22/2018,CONTROL,1,1,663,0,1
17,7/22/2018,CONTROL,2,2,500,0,1
17,7/22/2018,CONTROL,3,3,637.5,0,1
17,7/22/2018,CONTROL,4,4,540,0,1
17,7/22/2018,CONTROL,5,5,675,0,1
17,7/22/2018,CONTROL,6,6,685,0,1
17,7/22/2018,CONTROL,7,7,700,0,1
17,7/22/2018,CONTROL,8,8,791.6666667,0,1
17,7/22/2018,CONTROL,9,9,651,0,1
17,7/22/2018,CONTROL,10,10,467.5,0,1
17,7/22/2018,CONTROL,11,11,535,0,0.8
17,7/22/2018,CONTROL,12,12,663.3333333,0,1
17,7/22/2018,CONTROL,13,13,722,0,1
17,7/22/2018,CONTROL,14,14,705,0,1
17,7/22/2018,CONTROL,15,15,723.5,0,1
17,7/22/2018,CONTROL,16,16,680,0.5,1
17,7/22/2018,CONTROL,17,17,777.3333333,0,1
17,7/22/2018,CONTROL,18,18,678.3333333,0,1
17,7/22/2018,CONTROL,19,19,591.5,0,1
17,7/22/2018,CONTROL,20,20,433.5,0,1
18,7/25/2018,CONTROL,1,1,648,0,1
18,7/25/2018,CONTROL,2,2,490,0,1
18,7/25/2018,CONTROL,3,3,626,0,1
18,7/25/2018,CONTROL,4,4,537,0,1
18,7/25/2018,CONTROL,5,5,630,0,1
18,7/25/2018,CONTROL,6,6,674.5,0,1
18,7/25/2018,CONTROL,7,7,688,0,1
18,7/25/2018,CONTROL,8,8,755.3333333,0,1
18,7/25/2018,CONTROL,9,9,669.5,0,1
18,7/25/2018,CONTROL,10,10,410,0,1
18,7/25/2018,CONTROL,11,11,494.6,0,0.8
18,7/25/2018,CONTROL,12,12,665,0,1
18,7/25/2018,CONTROL,13,13,726.25,0.25,1
18,7/25/2018,CONTROL,14,14,694,1,1
18,7/25/2018,CONTROL,15,15,678,0,1
18,7/25/2018,CONTROL,16,16,678.5,0.5,1
18,7/25/2018,CONTROL,17,17,727,0,1
18,7/25/2018,CONTROL,18,18,709.3333333,0.333333333,1
18,7/25/2018,CONTROL,19,19,587,0,1
18,7/25/2018,CONTROL,20,20,426,0,1
19,7/29/2018,CONTROL,1,1,667.5,0,1
19,7/29/2018,CONTROL,2,2,490,0,1
19,7/29/2018,CONTROL,3,3,637.5,0,1
19,7/29/2018,CONTROL,4,4,536,0,1
19,7/29/2018,CONTROL,5,5,646,0,1
19,7/29/2018,CONTROL,6,6,680.5,0,1
19,7/29/2018,CONTROL,7,7,688,0,1
19,7/29/2018,CONTROL,8,8,755.6666667,0.333333333,1
19,7/29/2018,CONTROL,9,9,672.5,0,1
19,7/29/2018,CONTROL,10,10,402,0,1
19,7/29/2018,CONTROL,11,11,516,0.2,0.8
19,7/29/2018,CONTROL,12,12,649.6666667,0,1
19,7/29/2018,CONTROL,13,13,710.25,0.25,1
19,7/29/2018,CONTROL,14,14,697,1,1
19,7/29/2018,CONTROL,15,15,717,0,1
19,7/29/2018,CONTROL,16,16,671.5,0,1
19,7/29/2018,CONTROL,17,17,767.3333333,0.333333333,1
19,7/29/2018,CONTROL,18,18,666.3333333,0,1
19,7/29/2018,CONTROL,19,19,586,0.5,1
19,7/29/2018,CONTROL,20,20,424,0,1
20,8/1/2018,CONTROL,1,1,663.5,0.5,1
20,8/1/2018,CONTROL,2,2,487,0,1
20,8/1/2018,CONTROL,3,3,637.5,0.5,1
20,8/1/2018,CONTROL,4,4,525,0,1
20,8/1/2018,CONTROL,5,5,660,0,1
20,8/1/2018,CONTROL,6,6,678,0.5,1
20,8/1/2018,CONTROL,7,7,676,0,1
20,8/1/2018,CONTROL,8,8,745.6666667,0,1
20,8/1/2018,CONTROL,9,9,660.5,0,1
20,8/1/2018,CONTROL,10,10,392.5,0,0.5
20,8/1/2018,CONTROL,11,11,534,0,0.8
20,8/1/2018,CONTROL,12,12,664,0,1
20,8/1/2018,CONTROL,13,13,731.25,0.25,1
20,8/1/2018,CONTROL,14,14,710,2,1
20,8/1/2018,CONTROL,15,15,721,0.5,1
20,8/1/2018,CONTROL,16,16,671.5,0,1
20,8/1/2018,CONTROL,17,17,774.3333333,0,1
20,8/1/2018,CONTROL,18,18,680,0,1
20,8/1/2018,CONTROL,19,19,595,0,1
20,8/1/2018,CONTROL,20,20,430,0,1
21,8/5/2018,CONTROL,1,1,656.5,0.5,1
21,8/5/2018,CONTROL,2,2,471,0,1
21,8/5/2018,CONTROL,3,3,634,1,1
21,8/5/2018,CONTROL,4,4,535,0,1
21,8/5/2018,CONTROL,5,5,661,1,1
21,8/5/2018,CONTROL,6,6,662,0,1
21,8/5/2018,CONTROL,7,7,647,0,1
21,8/5/2018,CONTROL,8,8,730.3333333,1.333333333,1
21,8/5/2018,CONTROL,9,9,629.5,0,1
21,8/5/2018,CONTROL,10,10,417,0,0.5
21,8/5/2018,CONTROL,11,11,526,0.2,0.8
21,8/5/2018,CONTROL,12,12,655.3333333,0,1
21,8/5/2018,CONTROL,13,13,720.25,0.75,1
21,8/5/2018,CONTROL,14,14,713,0,1
21,8/5/2018,CONTROL,15,15,714.5,0.5,1
21,8/5/2018,CONTROL,16,16,677.5,0,1
21,8/5/2018,CONTROL,17,17,769,0,1
21,8/5/2018,CONTROL,18,18,673.6666667,0,1
21,8/5/2018,CONTROL,19,19,591,1,1
21,8/5/2018,CONTROL,20,20,427,0,1
22,8/8/2018,CONTROL,1,1,652.5,0,1
22,8/8/2018,CONTROL,2,2,490,0,1
22,8/8/2018,CONTROL,3,3,640.5,0,1
22,8/8/2018,CONTROL,4,4,529,0,1
22,8/8/2018,CONTROL,5,5,624,1,1
22,8/8/2018,CONTROL,6,6,672.5,0,1
22,8/8/2018,CONTROL,7,7,695,0,1
22,8/8/2018,CONTROL,8,8,743.6666667,0,1
22,8/8/2018,CONTROL,9,9,595,0,1
22,8/8/2018,CONTROL,10,10,207.5,0,0.5
22,8/8/2018,CONTROL,11,11,0,0,0.8
22,8/8/2018,CONTROL,12,12,667.3333333,0,1
22,8/8/2018,CONTROL,13,13,728.75,0.5,1
22,8/8/2018,CONTROL,14,14,725,0,1
22,8/8/2018,CONTROL,15,15,688.5,0.5,1
22,8/8/2018,CONTROL,16,16,680,0.5,1
22,8/8/2018,CONTROL,17,17,769.3333333,0.333333333,1
22,8/8/2018,CONTROL,18,18,676.6666667,0,1
22,8/8/2018,CONTROL,19,19,594,0.5,1
22,8/8/2018,CONTROL,20,20,389,0,1
23,8/12/2018,CONTROL,1,1,660.5,0.5,1
23,8/12/2018,CONTROL,2,2,491,0,1
23,8/12/2018,CONTROL,3,3,646.5,0.5,1
23,8/12/2018,CONTROL,4,4,530,1,1
23,8/12/2018,CONTROL,5,5,657,0,1
23,8/12/2018,CONTROL,6,6,670.5,0,1
23,8/12/2018,CONTROL,7,7,681,0,1
23,8/12/2018,CONTROL,8,8,753.3333333,0,1
23,8/12/2018,CONTROL,9,9,586.5,0,1
23,8/12/2018,CONTROL,10,10,205,0,0.5
23,8/12/2018,CONTROL,11,11,522.2,0,0.8
23,8/12/2018,CONTROL,12,12,653.3333333,0,1
23,8/12/2018,CONTROL,13,13,717,0,1
23,8/12/2018,CONTROL,14,14,675,0,1
23,8/12/2018,CONTROL,15,15,369,0,0.5
23,8/12/2018,CONTROL,16,16,672.5,0.5,1
23,8/12/2018,CONTROL,17,17,756,0,1
23,8/12/2018,CONTROL,18,18,634.3333333,0,1
23,8/12/2018,CONTROL,19,19,585,0.5,1
23,8/12/2018,CONTROL,20,20,253.5,0,0.5
24,8/15/2018,CONTROL,1,1,676.5,1,1
24,8/15/2018,CONTROL,2,2,490,0,1
24,8/15/2018,CONTROL,3,3,648.5,0,1
24,8/15/2018,CONTROL,4,4,540,0,1
24,8/15/2018,CONTROL,5,5,660,0,1
24,8/15/2018,CONTROL,6,6,690,0,1
24,8/15/2018,CONTROL,7,7,650,0,1
24,8/15/2018,CONTROL,8,8,723.3333333,0,1
24,8/15/2018,CONTROL,9,9,0,0,0
24,8/15/2018,CONTROL,10,10,0,0,0
24,8/15/2018,CONTROL,11,11,517.8,0,0.8
24,8/15/2018,CONTROL,12,12,654.3333333,0,1
24,8/15/2018,CONTROL,13,13,696.25,0.25,1
24,8/15/2018,CONTROL,14,14,701,0,1
24,8/15/2018,CONTROL,15,15,375,0,0.5
24,8/15/2018,CONTROL,16,16,676,0,1
24,8/15/2018,CONTROL,17,17,767,0.333333333,1
24,8/15/2018,CONTROL,18,18,622.6666667,0,1
24,8/15/2018,CONTROL,19,19,599,0,1
24,8/15/2018,CONTROL,20,20,252.5,0,0.5
25,8/19/2018,CONTROL,1,1,671.5,0,1
25,8/19/2018,CONTROL,2,2,489,0,1
25,8/19/2018,CONTROL,3,3,639,0,1
25,8/19/2018,CONTROL,4,4,530,0,1
25,8/19/2018,CONTROL,5,5,662,0,1
25,8/19/2018,CONTROL,6,6,670,0.5,1
25,8/19/2018,CONTROL,7,7,649,0,1
25,8/19/2018,CONTROL,8,8,751.6666667,0,1
25,8/19/2018,CONTROL,9,9,0,0,0
25,8/19/2018,CONTROL,10,10,0,0,0
25,8/19/2018,CONTROL,11,11,499,0,0.8
25,8/19/2018,CONTROL,12,12,653.3333333,0,1
25,8/19/2018,CONTROL,13,13,713,0,1
25,8/19/2018,CONTROL,14,14,682,1,1
25,8/19/2018,CONTROL,15,15,374,0,0.5
25,8/19/2018,CONTROL,16,16,671,0,1
25,8/19/2018,CONTROL,17,17,752.6666667,0.333333333,1
25,8/19/2018,CONTROL,18,18,590.6666667,0,1
25,8/19/2018,CONTROL,19,19,589,0,1
25,8/19/2018,CONTROL,20,20,257,0,0.5
26,8/22/2018,CONTROL,1,1,650.5,0,1
26,8/22/2018,CONTROL,2,2,NA,NA,1
26,8/22/2018,CONTROL,3,3,634,0,1
26,8/22/2018,CONTROL,4,4,530,0,1
26,8/22/2018,CONTROL,5,5,639,0,1
26,8/22/2018,CONTROL,6,6,658,0,1
26,8/22/2018,CONTROL,7,7,618,0,1
26,8/22/2018,CONTROL,8,8,735.3333333,0,1
26,8/22/2018,CONTROL,9,9,0,0,0
26,8/22/2018,CONTROL,10,10,0,0,0
26,8/22/2018,CONTROL,11,11,482.4,0,0.8
26,8/22/2018,CONTROL,12,12,638,0,1
26,8/22/2018,CONTROL,13,13,660,0,1
26,8/22/2018,CONTROL,14,14,670,0,1
26,8/22/2018,CONTROL,15,15,372.5,0,0.5
26,8/22/2018,CONTROL,16,16,627,0,1
26,8/22/2018,CONTROL,17,17,719.6666667,0,1
26,8/22/2018,CONTROL,18,18,621.3333333,0,1
26,8/22/2018,CONTROL,19,19,567.5,0,1
26,8/22/2018,CONTROL,20,20,251.5,0,0.5
27,8/26/2018,CONTROL,1,1,660,0,1
27,8/26/2018,CONTROL,2,2,401,0,1
27,8/26/2018,CONTROL,3,3,633.5,0,1
27,8/26/2018,CONTROL,4,4,510,0,1
27,8/26/2018,CONTROL,5,5,619,0,1
27,8/26/2018,CONTROL,6,6,668.5,0,1
27,8/26/2018,CONTROL,7,7,626,0,1
27,8/26/2018,CONTROL,8,8,716,0,1
27,8/26/2018,CONTROL,9,9,0,0,0
27,8/26/2018,CONTROL,10,10,0,0,0
27,8/26/2018,CONTROL,11,11,492.6,0,0.8
27,8/26/2018,CONTROL,12,12,635.3333333,0,1
27,8/26/2018,CONTROL,13,13,715.25,0,1
27,8/26/2018,CONTROL,14,14,708,0,1
27,8/26/2018,CONTROL,15,15,370.5,0,0.5
27,8/26/2018,CONTROL,16,16,623.5,0,1
27,8/26/2018,CONTROL,17,17,740,0,1
27,8/26/2018,CONTROL,18,18,571,0,1
27,8/26/2018,CONTROL,19,19,590.5,0,1
27,8/26/2018,CONTROL,20,20,256,0,0.5
28,8/30/2018,CONTROL,1,1,670.5,0,1
28,8/30/2018,CONTROL,2,2,0,0,0
28,8/30/2018,CONTROL,3,3,642.5,0,1
28,8/30/2018,CONTROL,4,4,0,0,0
28,8/30/2018,CONTROL,5,5,0,0,0
28,8/30/2018,CONTROL,6,6,580.5,0,1
28,8/30/2018,CONTROL,7,7,0,0,0
28,8/30/2018,CONTROL,8,8,409.6666667,0,0.666666667
28,8/30/2018,CONTROL,9,9,0,0,0
28,8/30/2018,CONTROL,10,10,0,0,0
28,8/30/2018,CONTROL,11,11,335.2,0,0.6
28,8/30/2018,CONTROL,12,12,602.3333333,0,1
28,8/30/2018,CONTROL,13,13,660.5,0,1
28,8/30/2018,CONTROL,14,14,705,0,1
28,8/30/2018,CONTROL,15,15,360,0,0.5
28,8/30/2018,CONTROL,16,16,577.5,0,1
28,8/30/2018,CONTROL,17,17,488.3333333,0,0.666666667
28,8/30/2018,CONTROL,18,18,195,0,0.333333333
28,8/30/2018,CONTROL,19,19,325,0,0.5
28,8/30/2018,CONTROL,20,20,255,0,0.5
29,9/2/2018,CONTROL,1,1,567,0,1
29,9/2/2018,CONTROL,2,2,0,0,0
29,9/2/2018,CONTROL,3,3,602.5,0,1
29,9/2/2018,CONTROL,4,4,0,0,0
29,9/2/2018,CONTROL,5,5,0,0,0
29,9/2/2018,CONTROL,6,6,651,0,1
29,9/2/2018,CONTROL,7,7,0,0,0
29,9/2/2018,CONTROL,8,8,410.6666667,0,0.666666667
29,9/2/2018,CONTROL,9,9,0,0,0
29,9/2/2018,CONTROL,10,10,0,0,0
29,9/2/2018,CONTROL,11,11,347.6,0,0.6
29,9/2/2018,CONTROL,12,12,570.6666667,0,1
29,9/2/2018,CONTROL,13,13,691.25,0,1
29,9/2/2018,CONTROL,14,14,700,0,1
29,9/2/2018,CONTROL,15,15,357.5,0,0.5
29,9/2/2018,CONTROL,16,16,618.5,0,1
29,9/2/2018,CONTROL,17,17,457,0,0.666666667
29,9/2/2018,CONTROL,18,18,197.3333333,0,0.333333333
29,9/2/2018,CONTROL,19,19,323,0,0.5
29,9/2/2018,CONTROL,20,20,208,0,0.5
30,9/6/2018,CONTROL,1,1,576.5,0,1
30,9/6/2018,CONTROL,2,2,0,0,0
30,9/6/2018,CONTROL,3,3,560,0,1
30,9/6/2018,CONTROL,4,4,0,0,0
30,9/6/2018,CONTROL,5,5,0,0,0
30,9/6/2018,CONTROL,6,6,0,0,0
30,9/6/2018,CONTROL,7,7,0,0,0
30,9/6/2018,CONTROL,8,8,0,0,0
30,9/6/2018,CONTROL,9,9,0,0,0
30,9/6/2018,CONTROL,10,10,0,0,0
30,9/6/2018,CONTROL,11,11,0,0,0
30,9/6/2018,CONTROL,12,12,236.6666667,0,0.333333333
30,9/6/2018,CONTROL,13,13,0,0,0
30,9/6/2018,CONTROL,14,14,620,0,1
30,9/6/2018,CONTROL,15,15,331,0,0
30,9/6/2018,CONTROL,16,16,570,0,0
30,9/6/2018,CONTROL,17,17,443.3333333,0,0
30,9/6/2018,CONTROL,18,18,190,0,0
30,9/6/2018,CONTROL,19,19,325,0,0.5
30,9/6/2018,CONTROL,20,20,210,0,0
31,9/9/2018,CONTROL,1,1,573,0,1
31,9/9/2018,CONTROL,2,2,0,0,0
31,9/9/2018,CONTROL,3,3,553.5,0,1
31,9/9/2018,CONTROL,4,4,0,0,0
31,9/9/2018,CONTROL,5,5,0,0,0
31,9/9/2018,CONTROL,6,6,0,0,0
31,9/9/2018,CONTROL,7,7,0,0,0
31,9/9/2018,CONTROL,8,8,0,0,0
31,9/9/2018,CONTROL,9,9,0,0,0
31,9/9/2018,CONTROL,10,10,0,0,0
31,9/9/2018,CONTROL,11,11,0,0,0
31,9/9/2018,CONTROL,12,12,236.3333333,0,0.333333333
31,9/9/2018,CONTROL,13,13,0,0,0
31,9/9/2018,CONTROL,14,14,650,0,1
31,9/9/2018,CONTROL,15,15,330,0,0
31,9/9/2018,CONTROL,16,16,573,0,0
31,9/9/2018,CONTROL,17,17,448.3333333,0,0
31,9/9/2018,CONTROL,18,18,193.6666667,0,0
31,9/9/2018,CONTROL,19,19,273,0,0.5
31,9/9/2018,CONTROL,20,20,206,0,0
32,9/13/2018,CONTROL,1,1,0,0,0
32,9/13/2018,CONTROL,2,2,0,0,0
32,9/13/2018,CONTROL,3,3,0,0,0
32,9/13/2018,CONTROL,4,4,0,0,0
32,9/13/2018,CONTROL,5,5,0,0,0
32,9/13/2018,CONTROL,6,6,0,0,0
32,9/13/2018,CONTROL,7,7,0,0,0
32,9/13/2018,CONTROL,8,8,0,0,0
32,9/13/2018,CONTROL,9,9,0,0,0
32,9/13/2018,CONTROL,10,10,0,0,0
32,9/13/2018,CONTROL,11,11,0,0,0
32,9/13/2018,CONTROL,12,12,0,0,0
32,9/13/2018,CONTROL,13,13,0,0,0
32,9/13/2018,CONTROL,14,14,0,0,0
32,9/13/2018,CONTROL,15,15,0,0,0
32,9/13/2018,CONTROL,16,16,0,0,0
32,9/13/2018,CONTROL,17,17,0,0,0
32,9/13/2018,CONTROL,18,18,0,0,0
32,9/13/2018,CONTROL,19,19,285,0,0.5
32,9/13/2018,CONTROL,20,20,0,0,0
33,9/16/2018,CONTROL,1,1,0,0,0
33,9/16/2018,CONTROL,2,2,0,0,0
33,9/16/2018,CONTROL,3,3,0,0,0
33,9/16/2018,CONTROL,4,4,0,0,0
33,9/16/2018,CONTROL,5,5,0,0,0
33,9/16/2018,CONTROL,6,6,0,0,0
33,9/16/2018,CONTROL,7,7,0,0,0
33,9/16/2018,CONTROL,8,8,0,0,0
33,9/16/2018,CONTROL,9,9,0,0,0
33,9/16/2018,CONTROL,10,10,0,0,0
33,9/16/2018,CONTROL,11,11,0,0,0
33,9/16/2018,CONTROL,12,12,0,0,0
33,9/16/2018,CONTROL,13,13,0,0,0
33,9/16/2018,CONTROL,14,14,0,0,0
33,9/16/2018,CONTROL,15,15,0,0,0
33,9/16/2018,CONTROL,16,16,0,0,0
33,9/16/2018,CONTROL,17,17,0,0,0
33,9/16/2018,CONTROL,18,18,0,0,0
33,9/16/2018,CONTROL,19,19,325,0,0.5
33,9/16/2018,CONTROL,20,20,0,0,0
